Date,HRATE.Value
12/31/2021,179781041
12/30/2021,143583516
12/29/2021,174954704.4
12/28/2021,161682278.5
12/27/2021,178574456.9
12/26/2021,161682278.5
12/25/2021,177149566.8
12/24/2021,181615890.2
12/23/2021,182818644.4
12/22/2021,178007627.5
12/21/2021,193643432.6
12/20/2021,173196610.5
12/19/2021,179210381.7
12/18/2021,153952542.7
12/17/2021,179210381.7
12/16/2021,138316737.6
12/15/2021,169588347.8
12/14/2021,178007627.5
12/13/2021,169588347.8
12/12/2021,168385593.5
12/11/2021,176161777.1
12/10/2021,173208616.6
12/9/2021,180980798.1
12/8/2021,186532356.3
12/7/2021,170987993.3
12/6/2021,190973602.9
12/5/2021,184311733
12/4/2021,172098304.9
12/3/2021,186532356.3
12/2/2021,172098304.9
12/1/2021,152112695.3
11/30/2021,148781760.4
11/29/2021,158774565.2
11/28/2021,155225116.6
11/27/2021,161180737.2
11/26/2021,148782218.9
11/25/2021,146527942.9
11/24/2021,176960669.5
11/23/2021,148782218.9
11/22/2021,158926461.1
11/21/2021,148782218.9
11/20/2021,163435013.2
11/19/2021,154417909.1
11/18/2021,162307875.2
11/17/2021,167943565.3
11/16/2021,169070703.3
11/15/2021,170197841.4
11/14/2021,175094161.9
11/13/2021,164733856.4
11/12/2021,152890245.8
11/11/2021,170117315.7
11/10/2021,160427088.9
11/9/2021,163657164.5
11/8/2021,145353402.7
11/7/2021,164733856.4
11/6/2021,165810548.2
11/5/2021,166887240.1
11/4/2021,153966937.6
11/3/2021,173347391.3
11/2/2021,170117315.7
11/1/2021,159350397
10/31/2021,140175299.1
10/30/2021,154737198.7
10/29/2021,170710070.9
10/28/2021,152740589.7
10/27/2021,156733807.7
10/26/2021,149745676.2
10/25/2021,181691420.4
10/24/2021,152740589.7
10/23/2021,144754153.6
10/22/2021,157732112.3
10/21/2021,147749067.2
10/20/2021,148747371.7
10/19/2021,154737198.7
10/18/2021,146534419.3
10/17/2021,158222181.3
10/16/2021,131522188.2
10/15/2021,139433297.3
10/14/2021,135477742.7
10/13/2021,167122179
10/12/2021,132511076.8
10/11/2021,144377740.4
10/10/2021,157233292.7
10/9/2021,148333295
10/8/2021,118666636
10/7/2021,139433297.3
10/6/2021,129544410.9
10/5/2021,162177735.8
10/4/2021,147411968.4
10/3/2021,141656679.7
10/2/2021,177543038.5
10/1/2021,132212901
9/30/2021,161488614.8
9/29/2021,122769122.4
9/28/2021,143545435.4
9/27/2021,146378569
9/26/2021,131268523.2
9/25/2021,135990412.5
9/24/2021,139767923.9
9/23/2021,155822347.6
9/22/2021,126546633.8
9/21/2021,113928907.4
9/20/2021,150129275.5
9/19/2021,146467585.8
9/18/2021,141890473.8
9/17/2021,134567094.5
9/16/2021,124497447.9
9/15/2021,129989982.4
9/14/2021,153790965.1
9/13/2021,145552163.4
9/12/2021,134567094.5
9/11/2021,135482516.9
9/10/2021,124497447.9
9/9/2021,125412870.4
9/8/2021,129910433.7
9/7/2021,133974150.4
9/6/2021,150611463.2
9/5/2021,143606278.9
9/4/2021,135725446.5
9/3/2021,129595910.2
9/2/2021,130471558.2
9/1/2021,119963781.7
8/31/2021,126093318
8/30/2021,118212485.7
8/29/2021,136601094.5
8/28/2021,123466373.9
8/27/2021,127844614.1
8/26/2021,127844614.1
8/25/2021,130687447.3
8/24/2021,119087832.4
8/23/2021,152339629.8
8/22/2021,126820808.5
8/21/2021,131460594.2
8/20/2021,123727618.1
8/19/2021,119087832.4
8/18/2021,104395177.8
8/17/2021,133007189.5
8/16/2021,124500915.7
8/15/2021,140740165.6
8/14/2021,126820808.5
8/13/2021,108175319.6
8/12/2021,108813934.5
8/11/2021,105931446.2
8/10/2021,118902643.7
8/9/2021,109534556.6
8/8/2021,113858289.1
8/7/2021,120343887.9
8/6/2021,114578911.2
8/5/2021,115299533.3
8/4/2021,98004603.3
8/3/2021,121785132
8/2/2021,103048957.9
8/1/2021,110975800.8
7/31/2021,112465862.1
7/30/2021,112824945.7
7/29/2021,108746935.7
7/28/2021,106707930.6
7/27/2021,115543619.1
7/26/2021,101950252.2
7/25/2021,103989257.2
7/24/2021,104668925.6
7/23/2021,91755226.96
7/22/2021,103989257.2
7/21/2021,98551910.44
7/20/2021,82919538.44
7/19/2021,115543619.1
7/18/2021,97872242.09
7/17/2021,101997588.1
7/16/2021,107098481.8
7/15/2021,91390704.5
7/14/2021,121378279.4
7/13/2021,97102623.54
7/12/2021,89962724.75
7/11/2021,89248734.87
7/10/2021,114952370.5
7/9/2021,93532674.14
7/8/2021,99244593.17
7/7/2021,87820755.11
7/6/2021,101386562.8
7/5/2021,94246664.02
7/4/2021,82108836.08
7/3/2021,98706076.21
7/2/2021,89177797.48
7/1/2021,94132119.56
6/30/2021,88186933.06
6/29/2021,89177797.48
6/28/2021,86205204.23
6/27/2021,58461000.57
6/26/2021,88186933.06
6/25/2021,108995085.8
6/24/2021,104040763.7
6/23/2021,100077306.1
6/22/2021,90168661.9
6/21/2021,104040763.7
6/20/2021,104040763.7
6/19/2021,102059034.9
6/18/2021,122867187.6
6/17/2021,128812374.1
6/16/2021,121876323.2
6/15/2021,129803238.6
6/14/2021,133766696.2
6/13/2021,136724465.1
6/12/2021,138110063.8
6/11/2021,109860278
6/10/2021,123462026.7
6/9/2021,131832333.6
6/8/2021,155896965.9
6/7/2021,139156352.1
6/6/2021,156943254.3
6/5/2021,137063775.4
6/4/2021,137063775.4
6/3/2021,153804389.2
6/2/2021,173683868.1
6/1/2021,148572947.4
5/31/2021,147526659
5/30/2021,151858199.8
5/29/2021,144427847.6
5/28/2021,148163050.5
5/27/2021,145672915.2
5/26/2021,151898253.5
5/25/2021,153143321.1
5/24/2021,156878524.1
5/23/2021,148163050.5
5/22/2021,144427847.6
5/21/2021,136957441.7
5/20/2021,139447577
5/19/2021,155633456.4
5/18/2021,124506765.1
5/17/2021,150653185.8
5/16/2021,164348930
5/15/2021,153143321.1
5/14/2021,166839065.3
5/13/2021,185896531.3
5/12/2021,176209059.9
5/11/2021,176209059.9
5/10/2021,184404830.1
5/9/2021,190551657.8
5/8/2021,175184588.6
5/7/2021,176209059.9
5/6/2021,174160117.3
5/5/2021,160841990.7
5/4/2021,185429301.4
5/3/2021,181331416.3
5/2/2021,189527186.5
5/1/2021,158954590
4/30/2021,169978665.1
4/29/2021,143016532
4/28/2021,166461865.1
4/27/2021,166461865.1
4/26/2021,133638398.8
4/25/2021,165289598.5
4/24/2021,169978665.1
4/23/2021,158255998.6
4/22/2021,167634131.8
4/21/2021,118398932.3
4/20/2021,150050132
4/19/2021,113709865.6
4/18/2021,145361065.3
4/17/2021,106676265.7
4/16/2021,120743465.6
4/15/2021,198514005.7
4/14/2021,155272729.2
4/13/2021,163323907.7
4/12/2021,165624244.5
4/11/2021,166774412.8
4/10/2021,180576433.2
4/9/2021,174825591.4
4/8/2021,154122560.8
4/7/2021,180576433.2
4/6/2021,165624244.5
4/5/2021,179426264.8
4/4/2021,167924581.2
4/3/2021,150672055.7
4/2/2021,160517766.4
4/1/2021,157606704
3/31/2021,170650017.4
3/30/2021,158693646.8
3/29/2021,164128360.7
3/28/2021,172823903
3/27/2021,172823903
3/26/2021,147824218.9
3/25/2021,167389189
3/24/2021,165215303.5
3/23/2021,174997788.5
3/22/2021,164128360.7
3/21/2021,169563074.6
3/20/2021,167389189
3/19/2021,158357615.4
3/18/2021,162062349.9
3/17/2021,145003155.2
3/16/2021,158863750.9
3/15/2021,157797551.2
3/14/2021,167393348.3
3/13/2021,152466552.9
3/12/2021,159929950.6
3/11/2021,140738356.5
3/10/2021,158863750.9
3/9/2021,149267953.9
3/8/2021,165260948.9
3/7/2021,155665151.9
3/6/2021,162254331
3/5/2021,160906977.9
3/4/2021,138228813.2
3/3/2021,164146715.7
3/2/2021,154427502.3
3/1/2021,140388638.4
2/28/2021,141468551
2/27/2021,169546278.7
2/26/2021,150107851.9
2/25/2021,168466366.1
2/24/2021,171706103.9
2/23/2021,137148900.6
2/22/2021,143628376.2
2/21/2021,152267677.1
2/20/2021,157667240.1
2/19/2021,163181402.2
2/18/2021,145974815.6
2/17/2021,147040325.2
2/16/2021,128926661.9
2/15/2021,160891950
2/14/2021,158760930.8
2/13/2021,167285007.6
2/12/2021,151302363.6
2/11/2021,137450738.7
2/10/2021,152367873.2
2/9/2021,152367873.2
2/8/2021,172612555.6
2/7/2021,166219498
2/6/2021,169021265.5
2/5/2021,174939225.8
2/4/2021,165622935.7
2/3/2021,155271502.2
2/2/2021,157341788.9
2/1/2021,124217201.8
1/31/2021,149060642.1
1/30/2021,140779495.3
1/29/2021,157341788.9
1/28/2021,150095785.5
1/27/2021,146990355.4
1/26/2021,166658079
1/25/2021,144920068.7
1/24/2021,143884925.4
1/23/2021,159781151.2
1/22/2021,145464845.5
1/21/2021,132147641.3
1/20/2021,144440445.2
1/19/2021,152635647.7
1/18/2021,148538046.4
1/17/2021,136245242.6
1/16/2021,150586847.1
1/15/2021,158782049.6
1/14/2021,150586847.1
1/13/2021,155708848.7
1/12/2021,151611247.4
1/11/2021,157757649.3
1/10/2021,162879650.9
1/9/2021,133808024.5
1/8/2021,136839436.2
1/7/2021,155331252
1/6/2021,163652569
1/5/2021,145160753.3
1/4/2021,159954205.9
1/3/2021,146085344.1
1/2/2021,139613208.6
1/1/2021,137764027
12/31/2020,153482070.4
12/30/2020,159029615.1
12/29/2020,140537799.4
12/28/2020,147938034
12/27/2020,137358668.7
12/26/2020,127149578.5
12/25/2020,133646272.3
12/24/2020,116940488.2
12/23/2020,142927263.4
12/22/2020,132718173.2
12/21/2020,126221479.4
12/20/2020,140142966.1
12/19/2020,146639659.9
12/18/2020,145711560.8
12/17/2020,119724785.6
12/16/2020,132718173.2
12/15/2020,129933875.8
12/14/2020,134574371.4
12/13/2020,148463110.1
12/12/2020,125704567.1
12/11/2020,131418411.1
12/10/2020,123799952.5
12/9/2020,132370718.4
12/8/2020,137132255
12/7/2020,142846099
12/6/2020,129513796.4
12/5/2020,137132255
12/4/2020,137132255
12/3/2020,149512250.3
12/2/2020,124752259.8
12/1/2020,144750713.7
11/30/2020,107610727.9
11/29/2020,135399801.3
11/28/2020,134710225.7
11/27/2020,134710225.7
11/26/2020,131211258.8
11/25/2020,135584967.4
11/24/2020,118964874.6
11/23/2020,128587033.6
11/22/2020,152205060.2
11/21/2020,147831351.6
11/20/2020,146956609.8
11/19/2020,119839616.4
11/18/2020,147831351.6
11/17/2020,137334450.9
11/16/2020,135534841.9
11/15/2020,125178757.6
11/14/2020,118502557.2
11/13/2020,115998982.1
11/12/2020,133524008.1
11/11/2020,122675182.5
11/10/2020,122675182.5
11/9/2020,154387134.4
11/8/2020,115164457
11/7/2020,121840657.4
11/6/2020,127682332.8
11/5/2020,122675182.5
11/4/2020,132689483.1
11/3/2020,124332259
11/2/2020,94436931.6
11/1/2020,124259120.5
10/31/2020,112330244.9
10/30/2020,110342099
10/29/2020,107359880.1
10/28/2020,99407296.42
10/27/2020,98413223.45
10/26/2020,109348026.1
10/25/2020,116306536.8
10/24/2020,151099090.6
10/23/2020,130223558.3
10/22/2020,136187996.1
10/21/2020,129229485.3
10/20/2020,143146506.8
10/19/2020,124259120.5
10/18/2020,119288755.7
10/17/2020,152419671.5
10/16/2020,148693533.2
10/15/2020,144856280.7
10/14/2020,142937654.5
10/13/2020,159245977.5
10/12/2020,142937654.5
10/11/2020,134303836.4
10/10/2020,137181775.8
10/9/2020,136222462.7
10/8/2020,155408725
10/7/2020,144856280.7
10/6/2020,124710705.3
10/5/2020,134303836.4
10/4/2020,151592064.1
10/3/2020,144980653.4
10/2/2020,130578601.8
10/1/2020,119056960.4
9/30/2020,149781337.3
9/29/2020,135379285.6
9/28/2020,123857644.3
9/27/2020,145940790.2
9/26/2020,144020516.6
9/25/2020,162263115.4
9/24/2020,131538738.5
9/23/2020,136339422.4
9/22/2020,123857644.3
9/21/2020,139219832.8
9/20/2020,135165071.8
9/19/2020,128478860
9/18/2020,142275247.6
9/17/2020,153484812.6
9/16/2020,133652505.3
9/15/2020,134514779.6
9/14/2020,151760264.1
9/13/2020,139688424.9
9/12/2020,146586618.7
9/11/2020,118993843.5
9/10/2020,136239328
9/9/2020,128478860
9/8/2020,133652505.3
9/7/2020,151762133.8
9/6/2020,130921885.2
9/5/2020,123066572.1
9/4/2020,117829696.7
9/3/2020,112592821.3
9/2/2020,125685009.8
9/1/2020,134413135.5
8/31/2020,130921885.2
8/30/2020,110847196.1
8/29/2020,127430634.9
8/28/2020,142268448.6
8/27/2020,112592821.3
8/26/2020,123939384.6
8/25/2020,111720008.7
8/24/2020,128441437.2
8/23/2020,132269332.3
8/22/2020,114577256
8/21/2020,130584372.7
8/20/2020,123002054.3
8/19/2020,116262215.7
8/18/2020,117947175.3
8/17/2020,105309978
8/16/2020,128056933.2
8/15/2020,131426852.5
8/14/2020,140694130.5
8/13/2020,123844534.1
8/12/2020,132269332.3
8/11/2020,129741892.8
8/10/2020,114901504.5
8/9/2020,130649505.5
8/8/2020,118924549.9
8/7/2020,127299518.2
8/6/2020,130649505.5
8/5/2020,108037091.1
8/4/2020,121437040.4
8/3/2020,135674486.5
8/2/2020,118087053.1
8/1/2020,114737065.8
7/31/2020,128137015
7/30/2020,113062072.1
7/29/2020,123949530.9
7/28/2020,121437040.4
7/27/2020,128205972.9
7/26/2020,136238943.7
7/25/2020,122442595
7/24/2020,138825759.1
7/23/2020,117268964.2
7/22/2020,124167138.5
7/21/2020,107783974.4
7/20/2020,121580323.2
7/19/2020,112957605.2
7/18/2020,112095333.4
7/17/2020,101748071.9
7/16/2020,117268964.2
7/15/2020,118993507.8
7/14/2020,124167138.5
7/13/2020,121086665.7
7/12/2020,119264931.9
7/11/2020,122403482.8
7/10/2020,126326671.3
7/9/2020,128680584.5
7/8/2020,118480294.2
7/7/2020,126326671.3
7/6/2020,120834207.4
7/5/2020,127895946.7
7/4/2020,123188120.5
7/3/2020,127895946.7
7/2/2020,128680584.5
7/1/2020,127111309
6/30/2020,115344676.1
6/29/2020,113776264.8
6/28/2020,117699584.3
6/27/2020,108283617.6
6/26/2020,128684878.9
6/25/2020,110637609.3
6/24/2020,109068281.5
6/23/2020,123976895.5
6/22/2020,112206937.1
6/21/2020,114560928.7
6/20/2020,107498953.7
6/19/2020,111422273.2
6/18/2020,97298323.04
6/17/2020,108283617.6
6/16/2020,106374812.7
6/15/2020,94204171.77
6/14/2020,116048617.4
6/13/2020,107856950.3
6/12/2020,111270144.9
6/11/2020,126288201.3
6/10/2020,111952783.8
6/9/2020,109222228.1
6/8/2020,110587506
6/7/2020,108539589.2
6/6/2020,133797229.5
6/5/2020,122192367.7
6/4/2020,108668660.7
6/3/2020,104599753.4
6/2/2020,97074591.28
6/1/2020,100837172.3
5/31/2020,112877431.7
5/30/2020,117392529
5/29/2020,95569558.86
5/28/2020,98579623.7
5/27/2020,103847237.2
5/26/2020,93312010.22
5/25/2020,94064526.43
5/24/2020,87291880.53
5/23/2020,89549429.17
5/22/2020,83529299.47
5/21/2020,98579623.7
5/20/2020,86971887.32
5/19/2020,92066047.08
5/18/2020,102473513.3
5/17/2020,81658580.89
5/16/2020,100872364.6
5/15/2020,100071790.3
5/14/2020,91265472.76
5/13/2020,95268344.37
5/12/2020,116883851.1
5/11/2020,125690168.6
5/10/2020,136097634.8
5/9/2020,108878107.9
5/8/2020,109678682.2
5/7/2020,117684425.4
5/6/2020,123288445.7
5/5/2020,126294576.8
5/4/2020,125342807.8
5/3/2020,133275896.9
5/2/2020,117409718.7
5/1/2020,111856556.3
4/30/2020,107096702.9
4/29/2020,115029792
4/28/2020,122169572.2
4/27/2020,111856556.3
4/26/2020,108683320.7
4/25/2020,107890011.8
4/24/2020,114236483.1
4/23/2020,112649865.2
4/22/2020,103923467.2
4/21/2020,115730561.6
4/20/2020,117771058.6
4/19/2020,111187583.3
4/18/2020,115576566.9
4/17/2020,92900151.84
4/16/2020,112650577.8
4/15/2020,123623036.7
4/14/2020,122891539.4
4/13/2020,125086031.2
4/12/2020,111919080.6
4/11/2020,116308064.1
4/10/2020,119234053.2
4/9/2020,112650577.8
4/8/2020,103061194.8
4/7/2020,116188014
4/6/2020,88524201.18
4/5/2020,121029181.3
4/4/2020,108580465.5
4/3/2020,91290582.46
4/2/2020,105814084.2
4/1/2020,105814084.2
3/31/2020,109963656.2
3/30/2020,101664512.3
3/29/2020,104430893.6
3/28/2020,93365368.43
3/27/2020,107197274.9
3/26/2020,112492821.4
3/25/2020,75702228.85
3/24/2020,108616241.4
3/23/2020,92159235.12
3/22/2020,104501989.8
3/21/2020,102033438.9
3/20/2020,89690684.18
3/19/2020,88044983.55
3/18/2020,82285031.36
3/17/2020,101210588.6
3/16/2020,97919187.32
3/15/2020,97919187.32
3/14/2020,105324840.1
3/13/2020,102856289.2
3/12/2020,124250397.3
3/11/2020,97919187.32
3/10/2020,108616241.4
3/9/2020,119877105.1
3/8/2020,121637665.6
3/7/2020,120867806.9
3/6/2020,119328089.6
3/5/2020,125486958.8
3/4/2020,128566393.4
3/3/2020,117788372.4
3/2/2020,117788372.4
3/1/2020,114708937.8
2/29/2020,107010351.4
2/28/2020,121637665.6
2/27/2020,113169220.5
2/26/2020,104700775.4
2/25/2020,111020255.7
2/24/2020,108969442.3
2/23/2020,109742275.2
2/22/2020,114379272.7
2/21/2020,119016270.3
2/20/2020,97376948.41
2/19/2020,108969442.3
2/18/2020,115924938.6
2/17/2020,121334769
2/16/2020,109742275.2
2/15/2020,109742275.2
2/14/2020,104332444.7
2/13/2020,108969442.3
2/12/2020,109742275.2
2/11/2020,114190850.9
2/10/2020,93796521.68
2/9/2020,117630064.1
2/8/2020,106866528.8
2/7/2020,106866528.8
2/6/2020,103791233
2/5/2020,122243007.8
2/4/2020,122243007.8
2/3/2020,113785944.3
2/2/2020,109941824.6
2/1/2020,116092416.2
1/31/2020,110710648.5
1/30/2020,119936535.9
1/29/2020,123011831.7
1/28/2020,107321517
1/27/2020,94755300.65
1/26/2020,105038821.7
1/25/2020,120464103.2
1/24/2020,111649656.6
1/23/2020,116791417.1
1/22/2020,114587805.4
1/21/2020,112384193.8
1/20/2020,111649656.6
1/19/2020,110180582.2
1/18/2020,96958912.29
1/17/2020,116791417.1
1/16/2020,116791417.1
1/15/2020,110915119.4
1/14/2020,99607271.22
1/13/2020,98089600.84
1/12/2020,103577131
1/11/2020,111808426.1
1/10/2020,102205248.4
1/9/2020,107692778.5
1/8/2020,97403659.58
1/7/2020,120725662.6
1/6/2020,92602070.72
1/5/2020,111808426.1
1/4/2020,115238132.5
1/3/2020,115924073.7
1/2/2020,96717718.31
1/1/2020,112718458.5
12/31/2019,93333320.19
12/30/2019,106850559.7
12/29/2019,99770100.89
12/28/2019,95908032.47
12/27/2019,93333320.19
12/26/2019,107494237.7
12/25/2019,82390793
12/24/2019,80459758.79
12/23/2019,92045964.05
12/22/2019,108781593.9
12/21/2019,113287340.4
12/20/2019,100413779
12/19/2019,100622310.1
12/18/2019,85774913.16
12/17/2019,90255692.21
12/16/2019,100497472.9
12/15/2019,79373800.24
12/14/2019,96656805.13
12/13/2019,97296916.42
12/12/2019,85134801.87
12/11/2019,84494690.58
12/10/2019,94736471.25
12/9/2019,94736471.25
12/8/2019,94736471.25
12/7/2019,99217250.3
12/6/2019,92816137.38
12/5/2019,93386357.5
12/4/2019,107698810.7
12/3/2019,101894683.2
12/2/2019,93510943.41
12/1/2019,89641525.06
11/30/2019,81257785.31
11/29/2019,87706815.89
11/28/2019,105119198.5
11/27/2019,89641525.06
11/26/2019,78678173.07
11/25/2019,80612882.25
11/24/2019,84482300.6
11/23/2019,111568229
11/22/2019,85127203.65
11/21/2019,87143254.96
11/20/2019,89788714.6
11/19/2019,92950289.06
11/18/2019,88524084.81
11/17/2019,97376493.3
11/16/2019,93582603.95
11/15/2019,99905752.86
11/14/2019,106861216.7
11/13/2019,85362510.36
11/12/2019,85362510.36
11/11/2019,95479548.62
11/10/2019,104964272
11/9/2019,91053344.38
11/8/2019,80936306.12
11/7/2019,91737090.37
11/6/2019,89840145.69
11/5/2019,98007431.67
11/4/2019,89840145.69
11/3/2019,93923788.68
11/2/2019,91201360.02
11/1/2019,88478931.37
10/31/2019,89840145.69
10/30/2019,91201360.02
10/29/2019,90520752.86
10/28/2019,91201360.02
10/27/2019,78269823.9
10/26/2019,95285003.01
10/25/2019,93923788.68
10/24/2019,90520752.86
10/23/2019,109144376.3
10/22/2019,109281440.8
10/21/2019,102815083.3
10/20/2019,94408818.64
10/19/2019,91822275.67
10/18/2019,103461719.1
10/17/2019,96995361.62
10/16/2019,92468911.41
10/15/2019,98935268.85
10/14/2019,87295825.46
10/13/2019,91822275.67
10/12/2019,86002553.97
10/11/2019,100875176.1
10/10/2019,103681264.3
10/9/2019,87532580.7
10/8/2019,102755638.2
10/7/2019,98315579.77
10/6/2019,94509815.39
10/5/2019,100218462
10/4/2019,93241227.26
10/3/2019,93241227.26
10/2/2019,93875521.33
10/1/2019,90704051.01
9/30/2019,82458228.19
9/29/2019,86263992.57
9/28/2019,100852756
9/27/2019,83726816.32
9/26/2019,102155715.1
9/25/2019,92209210.31
9/24/2019,92800294.99
9/23/2019,67383653.69
9/22/2019,98120057.12
9/21/2019,98120057.12
9/20/2019,89253786.9
9/19/2019,87480532.86
9/18/2019,102848734.6
9/17/2019,87480532.86
9/16/2019,96346803.08
9/15/2019,86889448.17
9/14/2019,91618125.63
9/13/2019,81711974.36
9/12/2019,84605659.66
9/11/2019,98528109.98
9/10/2019,97457152.27
9/9/2019,78179913.36
9/8/2019,94779757.97
9/7/2019,80321828.79
9/6/2019,84605659.66
9/5/2019,88354011.67
9/4/2019,72825124.77
9/3/2019,87818532.81
9/2/2019,79786349.93
9/1/2019,75959123.82
8/31/2019,84033176.66
8/30/2019,80995832.92
8/29/2019,83526952.7
8/28/2019,76439817.32
8/27/2019,68340234.03
8/26/2019,69352681.94
8/25/2019,78464713.14
8/24/2019,80995832.92
8/23/2019,77452265.23
8/22/2019,71377577.76
8/21/2019,68846457.98
8/20/2019,77452265.23
8/19/2019,82514504.79
8/18/2019,62740159.35
8/17/2019,63535915.75
8/16/2019,72967028.25
8/15/2019,77930771.67
8/14/2019,75448899.96
8/13/2019,77930771.67
8/12/2019,66017787.46
8/11/2019,75945274.3
8/10/2019,74952525.62
8/9/2019,72967028.25
8/8/2019,70485156.54
8/7/2019,75945274.3
8/6/2019,79916269.03
8/5/2019,70305379.01
8/4/2019,74828989.17
8/3/2019,77517455.85
8/2/2019,75725144.73
8/1/2019,63627044.68
7/31/2019,76621300.29
7/30/2019,63627044.68
7/29/2019,75277066.95
7/28/2019,78413611.41
7/27/2019,68107822.48
7/26/2019,74380911.39
7/25/2019,67211666.92
7/24/2019,62282811.35
7/23/2019,64212845.18
7/22/2019,71191928.97
7/21/2019,67136692.51
7/20/2019,79752983.72
7/19/2019,53168655.82
7/18/2019,54520401.3
7/17/2019,59927383.25
7/16/2019,72994256.29
7/15/2019,65784947.03
7/14/2019,65334365.2
7/13/2019,63532037.88
7/12/2019,73895419.95
7/11/2019,58125055.93
7/10/2019,58125055.93
7/9/2019,65740170.46
7/8/2019,70209738.58
7/7/2019,60348820.24
7/6/2019,70209738.58
7/5/2019,74548542.65
7/4/2019,65870934.51
7/3/2019,67843118.18
7/2/2019,62321003.91
7/1/2019,56404452.9
6/30/2019,59954383.5
6/29/2019,68631991.64
6/28/2019,64293187.57
6/27/2019,55539973.18
6/26/2019,60773333.69
6/25/2019,53775192.23
6/24/2019,65193212.5
6/23/2019,66666505.44
6/22/2019,51933576.06
6/21/2019,48986990.18
6/20/2019,53038545.76
6/19/2019,65193212.5
6/18/2019,60036687.22
6/17/2019,48986990.18
6/16/2019,47882020.48
6/15/2019,53775192.23
6/14/2019,62264123.16
6/13/2019,55994233.74
6/12/2019,48577778.94
6/11/2019,53027651.82
6/10/2019,58219170.18
6/9/2019,54510942.78
6/8/2019,45982019.76
6/7/2019,58589992.92
6/6/2019,58219170.18
6/5/2019,59331638.4
6/4/2019,57106701.96
6/3/2019,44127906.06
6/2/2019,48577778.94
6/1/2019,55994233.74
5/31/2019,43386260.58
5/30/2019,53664058.51
5/29/2019,57992303.11
5/28/2019,54659412.12
5/27/2019,55659279.42
5/26/2019,54992701.22
5/25/2019,46660473.76
5/24/2019,50993232.04
5/23/2019,52659677.53
5/22/2019,55659279.42
5/21/2019,50993232.04
5/20/2019,53659544.83
5/19/2019,54326123.03
5/18/2019,50986743.45
5/17/2019,50308167.48
5/16/2019,48642334.12
5/15/2019,49641834.14
5/14/2019,50641334.15
5/13/2019,55638834.23
5/12/2019,52640334.18
5/11/2019,43311667.37
5/10/2019,41645834.01
5/9/2019,49975000.81
5/8/2019,50641334.15
5/7/2019,42312167.35
5/6/2019,50308167.48
5/5/2019,42978500.7
5/4/2019,43006075.36
5/3/2019,48003251.06
5/2/2019,58109198.65
5/1/2019,54003657.45
4/30/2019,44213520.72
4/29/2019,51477170.55
4/28/2019,51477170.55
4/27/2019,43266088.13
4/26/2019,47687440.2
4/25/2019,45160953.3
4/24/2019,51477170.55
4/23/2019,36634060.02
4/22/2019,42318655.54
4/21/2019,51199133.02
4/20/2019,41631660.19
4/19/2019,48305437.78
4/18/2019,47352040.98
4/17/2019,43856252.72
4/16/2019,46080845.25
4/15/2019,46080845.25
4/14/2019,38771469.79
4/13/2019,42902855.92
4/12/2019,47987638.84
4/11/2019,49894432.44
4/10/2019,47034242.04
4/9/2019,41949459.12
4/8/2019,47034242.04
4/7/2019,44809649.52
4/6/2019,44081037.56
4/5/2019,50104170.89
4/4/2019,44396100.79
4/3/2019,45030330.8
4/2/2019,49787055.88
4/1/2019,43127640.77
3/31/2019,44078985.78
3/30/2019,44078985.78
3/29/2019,46615905.83
3/28/2019,46298790.82
3/27/2019,47250135.84
3/26/2019,42493410.75
3/25/2019,46933020.83
3/24/2019,47490106.99
3/23/2019,43744504.06
3/22/2019,48571483.82
3/21/2019,43141131.59
3/20/2019,48571483.82
3/19/2019,52493404.87
3/18/2019,48571483.82
3/17/2019,44046190.29
3/16/2019,49174856.29
3/15/2019,46157993.94
3/14/2019,46761366.41
3/13/2019,40727641.71
3/12/2019,43141131.59
3/11/2019,42839445.35
3/10/2019,41045042.97
3/9/2019,41652968.39
3/8/2019,44067633.23
3/7/2019,42860300.81
3/6/2019,38634637.35
3/5/2019,44973132.54
3/4/2019,41351135.29
3/3/2019,44067633.23
3/2/2019,39841969.77
3/1/2019,48896962.9
2/28/2019,45274965.64
2/27/2019,42558467.71
2/26/2019,48595129.79
2/25/2019,43162133.91
2/24/2019,41298258.3
2/23/2019,43088722.17
2/22/2019,48813797.14
2/21/2019,35857048.52
2/20/2019,39171565.61
2/19/2019,47005878.73
2/18/2019,46704559
2/17/2019,47909837.94
2/16/2019,45197960.32
2/15/2019,38267606.4
2/14/2019,42486082.7
2/13/2019,46101919.52
2/12/2019,38568926.14
2/11/2019,43691361.64
2/10/2019,41018987.3
2/9/2019,43357261.9
2/8/2019,47114891.26
2/7/2019,50294423.8
2/6/2019,47403939.67
2/5/2019,42490116.66
2/4/2019,42490116.66
2/3/2019,39888680.94
2/2/2019,41622971.42
2/1/2019,45669649.2
1/31/2019,44802503.96
1/30/2019,39310584.12
1/29/2019,42201068.25
1/28/2019,42070546.82
1/27/2019,40071767.24
1/26/2019,43874197.71
1/25/2019,40364261.89
1/24/2019,47384133.53
1/23/2019,42704219.1
1/22/2019,38024304.68
1/21/2019,43874197.71
1/20/2019,45921660.27
1/19/2019,38901788.64
1/18/2019,40364261.89
1/17/2019,37146820.73
1/16/2019,38901788.64
1/15/2019,38609293.98
1/14/2019,43423390.22
1/13/2019,38264362.3
1/12/2019,38543664.21
1/11/2019,41336683.36
1/10/2019,43571098.68
1/9/2019,45805513.99
1/8/2019,47202023.57
1/7/2019,39381569.96
1/6/2019,39381569.96
1/5/2019,45526212.08
1/4/2019,41615985.27
1/3/2019,43291796.76
1/2/2019,42174589.1
1/1/2019,41615985.27
12/31/2018,43291796.76
12/30/2018,44676132.24
12/29/2018,35030149.14
12/28/2018,42391557.29
12/27/2018,44168448.91
12/26/2018,39853140.69
12/25/2018,40360824.01
12/24/2018,38583932.39
12/23/2018,44676132.24
12/22/2018,44422290.57
12/21/2018,35537832.46
12/20/2018,34268624.16
12/19/2018,37822407.4
12/18/2018,35766529.43
12/17/2018,44909481.26
12/16/2018,32278689.66
12/15/2018,41821954.43
12/14/2018,40979901.65
12/13/2018,36769637.78
12/12/2018,33682110.95
12/11/2018,35085532.24
12/10/2018,34804847.98
12/9/2018,35927585.01
12/8/2018,35646900.75
12/7/2018,31998005.4
12/6/2018,37892374.82
12/5/2018,36488953.53
12/4/2018,38734427.59
12/3/2018,35101305.98
12/2/2018,37704074.21
12/1/2018,41011449.14
11/30/2018,33404486.8
11/29/2018,34727436.77
11/28/2018,39027024.18
11/27/2018,43326611.59
11/26/2018,36711861.73
11/25/2018,42003661.62
11/24/2018,47295461.51
11/23/2018,41342186.64
11/22/2018,40349974.16
11/21/2018,34727436.77
11/20/2018,43657349.09
11/19/2018,41672924.13
11/18/2018,40680711.65
11/17/2018,47956936.5
11/16/2018,41672924.13
11/15/2018,45356615.77
11/14/2018,48213725.42
11/13/2018,42856644.82
11/12/2018,49999418.96
11/11/2018,52142251.2
11/10/2018,46785170.59
11/9/2018,45356615.77
11/8/2018,43213783.53
11/7/2018,46428031.89
11/6/2018,45713754.47
11/5/2018,51427973.78
11/4/2018,43928060.94
11/3/2018,57499331.8
11/2/2018,51070835.08
11/1/2018,54999360.85
10/31/2018,58201028.61
10/30/2018,54987474.89
10/29/2018,52130982.68
10/28/2018,49988613.53
10/27/2018,48560367.43
10/26/2018,51059798.11
10/25/2018,48917428.96
10/24/2018,40347952.35
10/23/2018,54987474.89
10/22/2018,55344536.41
10/21/2018,49274490.48
10/20/2018,51059798.11
10/19/2018,50702736.58
10/18/2018,49274490.48
10/17/2018,51141213.22
10/16/2018,50029447.71
10/15/2018,60035337.26
10/14/2018,42247089.18
10/13/2018,52252978.72
10/12/2018,48917682.21
10/11/2018,58923571.75
10/10/2018,53364744.23
10/9/2018,48176505.21
10/8/2018,50029447.71
10/7/2018,52623567.23
10/6/2018,46323562.7
10/5/2018,48176505.21
10/4/2018,54911962.63
10/3/2018,51556103.21
10/2/2018,48711628.55
10/1/2018,56178374.53
9/30/2018,57956171.2
9/29/2018,54045018.54
9/28/2018,54756137.2
9/27/2018,50844984.55
9/26/2018,49422747.22
9/25/2018,60089527.19
9/24/2018,52622781.21
9/23/2018,53333899.87
9/22/2018,55111696.54
9/21/2018,51200543.88
9/20/2018,54756137.2
9/19/2018,54432500.67
9/18/2018,49547532.66
9/17/2018,47105048.66
9/16/2018,48500753.8
9/15/2018,48849680.09
9/14/2018,46058269.8
9/13/2018,51641090.38
9/12/2018,58619616.11
9/11/2018,49198606.38
9/10/2018,47105048.66
9/9/2018,56874984.68
9/8/2018,52338942.95
9/7/2018,52673943.17
9/6/2018,50161828.79
9/5/2018,44142409.34
9/4/2018,42135936.19
9/3/2018,48155355.64
9/2/2018,48155355.64
9/1/2018,50496240.99
8/31/2018,51833889.75
8/30/2018,51499477.56
8/29/2018,46483294.68
8/28/2018,51165065.37
8/27/2018,61866255.51
8/26/2018,57853309.21
8/25/2018,45145645.91
8/24/2018,48824180.03
8/23/2018,47324585.09
8/22/2018,50818346.4
8/21/2018,47006970.42
8/20/2018,47642199.75
8/19/2018,46054126.43
8/18/2018,50818346.4
8/17/2018,48277429.08
8/16/2018,50183117.07
8/15/2018,51135961.07
8/14/2018,43195594.44
8/13/2018,47642199.75
8/12/2018,49230273.08
8/11/2018,52376369.9
8/10/2018,52051671.92
8/9/2018,44066472.25
8/8/2018,46432457.33
8/7/2018,44657968.52
8/6/2018,38743005.8
8/5/2018,47319701.74
8/4/2018,52051671.92
8/3/2018,49094190.56
8/2/2018,45249464.79
8/1/2018,44362220.38
7/31/2018,43474975.98
7/30/2018,39630250.21
7/29/2018,50277183.1
7/28/2018,37327804.6
7/27/2018,42991333.57
7/26/2018,42476467.3
7/25/2018,45565664.92
7/24/2018,40931868.49
7/23/2018,42733900.44
7/22/2018,46852830.6
7/21/2018,35268339.52
7/20/2018,39644702.82
7/19/2018,44021066.11
7/18/2018,44793365.52
7/17/2018,40931868.49
7/16/2018,31995588.3
7/15/2018,35461777.04
7/14/2018,35461777.04
7/13/2018,38128076.06
7/12/2018,37594816.26
7/11/2018,35995036.84
7/10/2018,39727855.48
7/9/2018,36261666.74
7/8/2018,42127524.6
7/7/2018,41594264.79
7/6/2018,42660784.4
7/5/2018,36528296.65
7/4/2018,35728406.94
7/3/2018,30929068.69
7/2/2018,37594816.26
7/1/2018,37103365.37
6/30/2018,35588942.3
6/29/2018,38112980.76
6/28/2018,39627403.83
6/27/2018,30540865.37
6/26/2018,36850961.53
6/25/2018,39627403.83
6/24/2018,43161057.68
6/23/2018,40384615.37
6/22/2018,38112980.76
6/21/2018,42908653.83
6/20/2018,39122596.14
6/19/2018,39122596.14
6/18/2018,40279018.61
6/17/2018,38559792.21
6/16/2018,40770226.16
6/15/2018,37577377.12
6/14/2018,37577377.12
6/13/2018,35121339.4
6/12/2018,35612546.94
6/11/2018,34384528.08
6/10/2018,31191679.05
6/9/2018,35121339.4
6/8/2018,35612546.94
6/7/2018,35121339.4
6/6/2018,36103754.49
6/5/2018,42980660.1
6/4/2018,39180231.3
6/3/2018,34898238.81
6/2/2018,32543142.94
6/1/2018,35540537.68
5/31/2018,36396936.18
5/30/2018,37253334.68
5/29/2018,29759847.82
5/28/2018,33399541.44
5/27/2018,35112338.44
5/26/2018,34684139.19
5/25/2018,37681533.93
5/24/2018,30616246.32
5/23/2018,33370917.24
5/22/2018,31104990.76
5/21/2018,32340950.66
5/20/2018,29663037.55
5/19/2018,31722970.71
5/18/2018,30487010.81
5/17/2018,27191117.75
5/16/2018,36872803.62
5/15/2018,30075024.18
5/14/2018,27191117.75
5/13/2018,30487010.81
5/12/2018,33988897.19
5/11/2018,26161151.17
5/10/2018,30790397.65
5/9/2018,31990023.54
5/8/2018,27791332.95
5/7/2018,29990647.07
5/6/2018,27391457.65
5/5/2018,32189961.18
5/4/2018,27591395.3
5/3/2018,30190584.71
5/2/2018,27991270.6
5/1/2018,31590148.24
4/30/2018,30990335.3
4/29/2018,31590148.24
4/28/2018,25592018.83
4/27/2018,28391145.89
4/26/2018,26910340.43
4/25/2018,23474977.82
4/24/2018,30345703.04
4/23/2018,29200582.17
4/22/2018,30536556.52
4/21/2018,30345703.04
4/20/2018,26146926.52
4/19/2018,33971919.13
4/18/2018,30536556.52
4/17/2018,30918263.48
4/16/2018,26910340.43
4/15/2018,31109116.95
4/14/2018,26146926.52
4/13/2018,28798401.52
4/12/2018,26878508.08
4/11/2018,28100258.45
4/10/2018,28623865.75
4/9/2018,25656757.72
4/8/2018,28100258.45
4/7/2018,31416438.02
4/6/2018,24085935.81
4/5/2018,27227579.62
4/4/2018,25656757.72
4/3/2018,28449329.98
4/2/2018,27227579.62
4/1/2018,28274794.22
3/31/2018,22031861.23
3/30/2018,27884074.37
3/29/2018,26162835.21
3/28/2018,23236728.64
3/27/2018,26162835.21
3/26/2018,25818587.38
3/25/2018,23236728.64
3/24/2018,26851330.88
3/23/2018,22892480.81
3/22/2018,24613719.97
3/21/2018,26162835.21
3/20/2018,21859737.32
3/19/2018,26679206.96
3/18/2018,25990711.3
3/17/2018,24372959.73
3/16/2018,25517998.11
3/15/2018,23555075.18
3/14/2018,23555075.18
3/13/2018,25845151.93
3/12/2018,26335882.66
3/11/2018,25027267.37
3/10/2018,22900767.53
3/9/2018,23882229
3/8/2018,26499459.57
3/7/2018,25681575.02
3/6/2018,25517998.11
3/5/2018,24372959.73
3/4/2018,22125683.71
3/3/2018,26909615.32
3/2/2018,23321666.61
3/1/2018,24667147.38
2/28/2018,23172168.75
2/27/2018,23919658.06
2/26/2018,21079198.67
2/25/2018,25564134.55
2/24/2018,21677190.12
2/23/2018,22125683.71
2/22/2018,22275181.57
2/21/2018,25265138.83
2/20/2018,21079198.67
2/19/2018,23149934.67
2/18/2018,23149934.67
2/17/2018,21292223.86
2/16/2018,22435430.51
2/15/2018,18720008.9
2/14/2018,25579248.8
2/13/2018,23435736.33
2/12/2018,23721537.99
2/11/2018,21578025.52
2/10/2018,20434818.87
2/9/2018,19291612.22
2/8/2018,18720008.9
2/7/2018,20149017.21
2/6/2018,24293141.32
2/5/2018,23938939.78
2/4/2018,23033142.05
2/3/2018,20445148.56
2/2/2018,21739145.31
2/1/2018,20703947.91
1/31/2018,15139761.91
1/30/2018,21609745.63
1/29/2018,19151151.82
1/28/2018,20445148.56
1/27/2018,20315748.89
1/26/2018,20056949.54
1/25/2018,20445148.56
1/24/2018,19491455.6
1/23/2018,19602202.5
1/22/2018,18494733.44
1/21/2018,20709671.57
1/20/2018,19712949.41
1/19/2018,18273239.62
1/18/2018,19159214.88
1/17/2018,18494733.44
1/16/2018,17608758.18
1/15/2018,16612036.02
1/14/2018,17165770.55
1/13/2018,16501289.11
1/12/2018,17087521.86
1/11/2018,18527481.57
1/10/2018,15935554.1
1/9/2018,15743559.47
1/8/2018,15935554.1
1/7/2018,15551564.84
1/6/2018,16127548.73
1/5/2018,13727615.88
1/4/2018,16127548.73
1/3/2018,15071578.27
1/2/2018,16415540.67
1/1/2018,14975580.96
12/31/2017,15177350.25
12/30/2017,13687549
12/29/2017,15363575.41
12/28/2017,13873774.15
12/27/2017,14525562.2
12/26/2017,13221986.11
12/25/2017,12570198.06
12/24/2017,14153111.89
12/23/2017,12942648.37
12/22/2017,14432449.62
12/21/2017,12290860.32
12/20/2017,12663310.64
12/19/2017,13035760.95
12/18/2017,16946489.24
12/17/2017,14630524.31
12/16/2017,13523349.5
12/15/2017,13365181.67
12/14/2017,14630524.31
12/13/2017,14709608.23
12/12/2017,12337090.77
12/11/2017,13523349.5
12/10/2017,12969762.09
12/9/2017,13760601.25
12/8/2017,12337090.77
12/7/2017,11941671.2
12/6/2017,14867776.06
12/5/2017,11918845.17
12/4/2017,12119724.58
12/3/2017,11784925.56
12/2/2017,10780528.49
12/1/2017,12253644.19
11/30/2017,11182287.32
11/29/2017,11584046.14
11/28/2017,10445729.47
11/27/2017,11383166.73
11/26/2017,10244850.06
11/25/2017,10445729.47
11/24/2017,9977010.841
11/23/2017,10648648.96
11/22/2017,8342572.114
11/21/2017,11733861.59
11/20/2017,11869513.17
11/19/2017,10852126.33
11/18/2017,9224307.378
11/17/2017,11326906.85
11/16/2017,10309520.01
11/15/2017,10309520.01
11/14/2017,8681701.061
11/13/2017,9495610.536
11/12/2017,5426063.163
11/11/2017,5426063.163
11/10/2017,8139094.745
11/9/2017,11049821.74
11/8/2017,10399832.23
11/7/2017,11266484.92
11/6/2017,9605400.601
11/5/2017,10183169.06
11/4/2017,9388737.429
11/3/2017,8594305.801
11/2/2017,10833158.57
11/1/2017,7872095.229
10/31/2017,9966505.887
10/30/2017,10616495.4
10/29/2017,11122042.8
10/28/2017,6138789.858
10/27/2017,7510989.944
10/26/2017,12999790.29
10/25/2017,11006184.19
10/24/2017,9935312.215
10/23/2017,10173283.77
10/22/2017,10827705.53
10/21/2017,9102411.79
10/20/2017,10649226.87
10/19/2017,10589733.98
10/18/2017,8983426.015
10/17/2017,9756833.552
10/16/2017,10351762.43
10/15/2017,11601113.07
10/14/2017,7877324.117
10/13/2017,7597986.383
10/12/2017,8547734.68
10/11/2017,7765589.023
10/10/2017,8938807.509
10/9/2017,8994675.056
10/8/2017,10167893.54
10/7/2017,8827072.415
10/6/2017,8882939.962
10/5/2017,6983443.366
10/4/2017,7486251.289
10/3/2017,10223761.09
10/2/2017,8380132.04
10/1/2017,7130546.525
9/30/2017,7569349.388
9/29/2017,9269710.483
9/28/2017,9708513.346
9/27/2017,8063002.609
9/26/2017,7569349.388
9/25/2017,6856294.736
9/24/2017,7953301.894
9/23/2017,9105159.409
9/22/2017,7624199.746
9/21/2017,9653662.988
9/20/2017,6417491.873
9/19/2017,8556655.83
9/18/2017,6965995.452
9/17/2017,8072925.277
9/16/2017,7751843.021
9/15/2017,8256400.851
9/14/2017,7981187.489
9/13/2017,8715089.787
9/12/2017,8623352
9/11/2017,7981187.489
9/10/2017,6329907.319
9/9/2017,7751843.021
9/8/2017,8027056.383
9/7/2017,8072925.277
9/6/2017,7430760.766
9/5/2017,8697798.703
9/4/2017,7726470.929
9/3/2017,6799294.418
9/2/2017,7240807.042
9/1/2017,7682319.667
8/31/2017,7196655.78
8/30/2017,7417412.092
8/29/2017,6578538.105
8/28/2017,5695512.856
8/27/2017,6843445.68
8/26/2017,4635882.557
8/25/2017,4459277.508
8/24/2017,4459277.508
8/23/2017,7297172.197
8/22/2017,4084580.664
8/21/2017,5277828.948
8/20/2017,5966241.419
8/19/2017,6930018.879
8/18/2017,6838230.55
8/17/2017,8215055.493
8/16/2017,5966241.419
8/15/2017,6975913.044
8/14/2017,5966241.419
8/13/2017,6792336.385
8/12/2017,6195712.243
8/11/2017,6608759.726
8/10/2017,6149818.078
8/9/2017,6333394.737
8/8/2017,7012946.153
8/7/2017,6542565.619
8/6/2017,5986661.35
8/5/2017,7568850.421
8/4/2017,7654374.155
8/3/2017,5901137.617
8/2/2017,6499803.752
8/1/2017,6371518.151
7/31/2017,6200470.684
7/30/2017,6285994.418
7/29/2017,6713613.086
7/28/2017,6414280.018
7/27/2017,6585327.485
7/26/2017,5878995.159
7/25/2017,5918988.323
7/24/2017,7118783.254
7/23/2017,6878824.267
7/22/2017,6398906.295
7/21/2017,6158947.309
7/20/2017,6478892.624
7/19/2017,5958981.488
7/18/2017,6598872.117
7/17/2017,5918988.323
7/16/2017,6518885.788
7/15/2017,5079131.872
7/14/2017,5559049.844
7/13/2017,5530741.543
7/12/2017,6235294.606
7/11/2017,6094383.994
7/10/2017,6939847.669
7/9/2017,4861416.134
7/8/2017,5812562.768
7/7/2017,5213692.665
7/6/2017,5002326.746
7/5/2017,5248920.318
7/4/2017,5389830.931
7/3/2017,5988701.034
7/2/2017,6622798.791
7/1/2017,6622798.791
6/30/2017,5448313.581
6/29/2017,4245439.154
6/28/2017,5554449.56
6/27/2017,4634604.41
6/26/2017,5023769.665
6/25/2017,4316196.473
6/24/2017,5165284.304
6/23/2017,5660585.539
6/22/2017,4917633.687
6/21/2017,4953012.346
6/20/2017,4882255.027
6/19/2017,5342177.602
6/18/2017,5129905.644
6/17/2017,5129905.644
6/16/2017,4993719.517
6/15/2017,5162426.257
6/14/2017,4723788.732
6/13/2017,4757530.08
6/12/2017,4959978.169
6/11/2017,4926236.821
6/10/2017,4757530.08
6/9/2017,5094943.561
6/8/2017,5567322.434
6/7/2017,5567322.434
6/6/2017,5094943.561
6/5/2017,5533581.086
6/4/2017,5432357.042
6/3/2017,5687700.322
6/2/2017,4325022.12
6/1/2017,5035984.66
5/31/2017,4858244.025
5/30/2017,5302595.613
5/29/2017,4473139.316
5/28/2017,4887867.464
5/27/2017,4976737.782
5/26/2017,4532386.194
5/25/2017,4828620.586
5/24/2017,4562009.633
5/23/2017,4976737.782
5/22/2017,4064100.394
5/21/2017,4091936.698
5/20/2017,4592990.172
5/19/2017,4565153.868
5/18/2017,3952755.178
5/17/2017,4314627.131
5/16/2017,3674392.137
5/15/2017,4732171.692
5/14/2017,4565153.868
5/13/2017,4398136.043
5/12/2017,4286790.827
5/11/2017,3757901.049
5/10/2017,4119773.002
5/9/2017,4021861.587
5/8/2017,4670548.939
5/7/2017,4333231.516
5/6/2017,4359179.01
5/5/2017,3347226.74
5/4/2017,4359179.01
5/3/2017,3425069.222
5/2/2017,4099704.069
5/1/2017,3892124.116
4/30/2017,3918071.61
4/29/2017,4488916.48
4/28/2017,3528859.199
4/27/2017,3814281.634
4/26/2017,3961100.134
4/25/2017,3831652.417
4/24/2017,3210303.377
4/23/2017,3961100.134
4/22/2017,3753983.787
4/21/2017,4323553.741
4/20/2017,3598646.527
4/19/2017,3702204.7
4/18/2017,3779873.33
4/17/2017,3572756.984
4/16/2017,3779873.33
4/15/2017,3909321.047
4/14/2017,3598646.527
4/13/2017,3287972.007
4/12/2017,3526859.224
4/11/2017,4147785.144
4/10/2017,3675881.445
4/9/2017,3949088.849
4/8/2017,3402674.04
4/7/2017,4023599.96
4/6/2017,3651044.408
4/5/2017,4023599.96
4/4/2017,3104629.598
4/3/2017,4371318.475
4/2/2017,3924251.812
4/1/2017,3278488.856
3/31/2017,3352999.966
3/30/2017,4073274.033
3/29/2017,3263345.893
3/28/2017,3665352.271
3/27/2017,3121461.289
3/26/2017,3925474.045
3/25/2017,3145108.723
3/24/2017,4161948.385
3/23/2017,3499820.233
3/22/2017,3807236.875
3/21/2017,3357935.629
3/20/2017,3216051.025
3/19/2017,3925474.045
3/18/2017,3712647.139
3/17/2017,3641704.837
3/16/2017,3504460.261
3/15/2017,3252505.602
3/14/2017,3573175.168
3/13/2017,3321220.509
3/12/2017,3550270.199
3/11/2017,3412840.385
3/10/2017,3573175.168
3/9/2017,3389935.416
3/8/2017,3252505.602
3/7/2017,3504460.261
3/6/2017,3252505.602
3/5/2017,3367030.447
3/4/2017,3069265.85
3/3/2017,3458650.323
3/2/2017,3440072.183
3/1/2017,3155225.442
2/28/2017,3352427.032
2/27/2017,3155225.442
2/26/2017,3900209.227
2/25/2017,3659185.061
2/24/2017,3637273.773
2/23/2017,3286693.168
2/22/2017,3045669.003
2/21/2017,3023757.715
2/20/2017,3242870.593
2/19/2017,2936112.564
2/18/2017,3330515.744
2/17/2017,3168918.119
2/16/2017,3189904.332
2/15/2017,2917083.567
2/14/2017,3546669.948
2/13/2017,3420752.672
2/12/2017,2959055.992
2/11/2017,2917083.567
2/10/2017,3105959.481
2/9/2017,3546669.948
2/8/2017,3063987.056
2/7/2017,3168918.119
2/6/2017,2623276.589
2/5/2017,3336807.821
2/4/2017,3043000.843
2/3/2017,2910612.149
2/2/2017,3066886.627
2/1/2017,3750587.467
1/31/2017,2832474.91
1/30/2017,2852009.22
1/29/2017,3262229.724
1/28/2017,2969215.078
1/27/2017,3320832.653
1/26/2017,3066886.627
1/25/2017,2930146.459
1/24/2017,2910612.149
1/23/2017,2715269.052
1/22/2017,3398969.892
1/21/2017,3031276.956
1/20/2017,3165256.048
1/19/2017,2914045.251
1/18/2017,2528855.361
1/17/2017,2646087.06
1/16/2017,2830308.31
1/15/2017,2796813.545
1/14/2017,2880550.47
1/13/2017,2528855.36
1/12/2017,2897297.864
1/11/2017,2562350.13
1/10/2017,2679581.83
1/9/2017,2147763.141
1/8/2017,2637326.79
1/7/2017,2195140.26
1/6/2017,2542572.542
1/5/2017,2210932.64
1/4/2017,2432025.91
1/3/2017,2589949.671
1/2/2017,2526780.16
1/1/2017,2463610.66
12/31/2016,2337271.654
12/30/2016,2479403.03
12/29/2016,2368856.4
12/28/2016,2589949.671
12/27/2016,2405181.75
12/26/2016,2189332.11
12/25/2016,2574777.91
12/24/2016,2112242.95
12/23/2016,2343510.43
12/22/2016,2451435.255
12/21/2016,2451435.25
12/20/2016,2127660.78
12/19/2016,2343510.433
12/18/2016,2173914.28
12/17/2016,2235585.61
12/16/2016,2050571.629
12/15/2016,1958064.63
12/14/2016,1981473.29
12/13/2016,2537426.239
12/12/2016,2223811.75
12/11/2016,2223811.75
12/10/2016,1881686.874
12/9/2016,1924452.48
12/8/2016,2238066.96
12/7/2016,2494660.628
12/6/2016,2138280.53
12/5/2016,2166790.94
12/4/2016,2109770.131
12/3/2016,2451895.01
12/2/2016,2052749.31
12/1/2016,2045226.338
11/30/2016,1989192.73
11/29/2016,2115268.33
11/28/2016,2297377.53
11/27/2016,2017209.53
11/26/2016,2157293.53
11/25/2016,2129276.735
11/24/2016,2297377.53
11/23/2016,2059234.73
11/22/2016,1877125.543
11/21/2016,1961175.94
11/20/2016,1807083.54
11/19/2016,1989192.74
11/18/2016,2073243.13
11/17/2016,2012500.86
11/16/2016,2177044.964
11/15/2016,1974529.15
11/14/2016,2177044.96
11/13/2016,1809985.057
11/12/2016,2126416.01
11/11/2016,2063129.82
11/10/2016,2126416.012
11/9/2016,1860614.01
11/8/2016,2139073.24
11/7/2016,1847956.772
11/6/2016,1949214.67
11/5/2016,1885928.48
11/4/2016,1462462.045
11/3/2016,1966759.3
11/2/2016,1676788.37
11/1/2016,1815470.125
10/31/2016,1853292.41
10/30/2016,2130655.91
10/29/2016,1878507.282
10/28/2016,1916329.57
10/27/2016,2042403.89
10/26/2016,1752432.968
10/25/2016,1752432.96
10/24/2016,1802862.69
10/23/2016,1815470.125
10/22/2016,1878507.28
10/21/2016,2107602.62
10/20/2016,1722065.561
10/19/2016,1619255.67
10/18/2016,1991941.5
10/17/2016,1606404.441
10/16/2016,1670660.61
10/15/2016,1824875.44
10/14/2016,1747768.032
10/13/2016,1644958.14
10/12/2016,1863429.15
10/11/2016,1786321.738
10/10/2016,1606404.44
10/9/2016,2056197.68
10/8/2016,2171858.804
10/7/2016,1726771.55
10/6/2016,1930626.53
10/5/2016,2002575.351
10/4/2016,1894652.12
10/3/2016,1822703.31
10/2/2016,1690797.152
10/1/2016,1882660.65
9/30/2016,1702788.62
9/29/2016,1714780.091
9/28/2016,1774737.43
9/27/2016,2026558.28
9/26/2016,1834694.782
9/25/2016,2230413.26
9/24/2016,1874777.56
9/23/2016,1526764.964
9/22/2016,1582896.02
9/21/2016,1863551.35
9/20/2016,1717610.584
9/19/2016,1493086.32
9/18/2016,1627800.88
9/17/2016,1829872.714
9/16/2016,1571669.81
9/15/2016,1728836.79
9/14/2016,1751289.223
9/13/2016,1863551.35
9/12/2016,1829872.71
9/11/2016,1799709.059
9/10/2016,1700944.53
9/9/2016,1569258.5
9/8/2016,1580232.344
9/7/2016,1668023.03
9/6/2016,1492441.65
9/5/2016,1536337.002
9/4/2016,1964316.59
9/3/2016,1382703.3
9/2/2016,1678996.866
9/1/2016,1547310.83
8/31/2016,1481467.82
8/30/2016,1810682.895
8/29/2016,1635101.52
8/28/2016,1642480.66
8/27/2016,1556034.316
8/26/2016,1426364.78
8/25/2016,1404753.2
8/24/2016,1653286.46
8/23/2016,1588451.69
8/22/2016,1718121.22
8/21/2016,1761344.399
8/20/2016,1685703.84
8/19/2016,1664092.25
8/18/2016,1664092.254
8/17/2016,1329112.64
8/16/2016,1469587.96
8/15/2016,1577645.903
8/14/2016,1645931.21
8/13/2016,1645931.21
8/12/2016,1495388.726
8/11/2016,1505424.89
8/10/2016,1525497.22
8/9/2016,1254520.743
8/8/2016,1495388.72
8/7/2016,1485352.56
8/6/2016,1676039.713
8/5/2016,1696112.04
8/4/2016,1535533.39
8/3/2016,1686075.879
8/2/2016,1555605.72
8/1/2016,1623753.77
7/31/2016,1634366.548
7/30/2016,1262919.6
7/29/2016,1560077.15
7/28/2016,1453949.462
7/27/2016,1358434.53
7/26/2016,1369047.3
7/25/2016,1400885.613
7/24/2016,1337208.99
7/23/2016,1390272.84
7/22/2016,1369047.303
7/21/2016,1411498.38
7/20/2016,1591915.46
7/19/2016,1358434.534
7/18/2016,1581302.69
7/17/2016,1580609.59
7/16/2016,1665474.544
7/15/2016,1432095.94
7/14/2016,1506352.77
7/13/2016,1379055.355
7/12/2016,1516960.89
7/11/2016,1516960.89
7/10/2016,1654866.426
7/9/2016,1580609.59
7/8/2016,1538177.12
7/7/2016,1463920.3
7/6/2016,1485136.53
7/5/2016,1538177.12
7/4/2016,1601825.836
7/3/2016,1603443.84
7/2/2016,1551383.97
7/1/2016,1634679.759
6/30/2016,1561795.94
6/29/2016,1520148.05
6/28/2016,1551383.975
6/27/2016,1530560.02
6/26/2016,1530560.02
6/25/2016,1728387.516
6/24/2016,1353556.48
6/23/2016,1457676.21
6/22/2016,1343144.516
6/21/2016,1551383.97
6/20/2016,1598387.66
6/19/2016,1725089.126
6/18/2016,1549656.33
6/17/2016,1452193.67
6/16/2016,1452193.671
6/15/2016,1500925
6/14/2016,1296253.41
6/13/2016,1569148.866
6/12/2016,1422954.872
6/11/2016,1520417.535
6/10/2016,1403462.34
6/9/2016,1608133.931
6/8/2016,1403462.34
6/7/2016,1406915.64
6/6/2016,1684335.625
6/5/2016,1694243.482
6/4/2016,1179034.937
6/3/2016,1406915.64
6/2/2016,1367284.213
6/1/2016,1426731.353
5/31/2016,1258297.79
5/30/2016,1436639.21
5/29/2016,1456454.923
5/28/2016,1317744.93
5/27/2016,1377192.07
5/26/2016,1357376.357
5/25/2016,1377192.07
5/24/2016,1456454.923
5/23/2016,1747819.168
5/22/2016,1776788.547
5/21/2016,1361560.789
5/20/2016,1438812.464
5/19/2016,1168431.599
5/18/2016,1487094.762
5/17/2016,1361560.789
5/16/2016,1361560.789
5/15/2016,1342247.87
5/14/2016,1390530.167
5/13/2016,1467781.843
5/12/2016,1342247.87
5/11/2016,1284309.113
5/10/2016,1403229.58
5/9/2016,1536447.578
5/8/2016,1447635.58
5/7/2016,1332179.981
5/6/2016,1438754.38
5/5/2016,1385467.181
5/4/2016,1492041.579
5/3/2016,1341061.181
5/2/2016,1394348.38
5/1/2016,1376585.981
4/30/2016,1296655.182
4/29/2016,1403229.58
4/28/2016,1207843.183
4/27/2016,1145796.944
4/26/2016,1341204.175
4/25/2016,1128032.65
4/24/2016,1172443.384
4/23/2016,1279029.147
4/22/2016,1270147
4/21/2016,1341204.175
4/20/2016,1465554.23
4/19/2016,1332322.028
4/18/2016,1199089.825
4/17/2016,1358968.468
4/16/2016,1270147
4/15/2016,1287911.293
4/14/2016,1465554.23
4/13/2016,1302194.693
4/12/2016,1260723.524
4/11/2016,1252429.291
4/10/2016,1443196.666
4/9/2016,1343665.862
4/8/2016,1169486.954
4/7/2016,1210958.122
4/6/2016,1285606.226
4/5/2016,1235840.823
4/4/2016,1360254.329
4/3/2016,1219252.356
4/2/2016,1244135.057
4/1/2016,1136310.019
3/31/2016,1028361.537
3/30/2016,1308075.875
3/29/2016,1398571.69
3/28/2016,1168218.706
3/27/2016,1258714.521
3/26/2016,1209353.168
3/25/2016,1192899.383
3/24/2016,1242260.737
3/23/2016,1242260.737
3/22/2016,1225806.952
3/21/2016,1036588.429
3/20/2016,1242260.737
3/19/2016,1110630.46
3/18/2016,1135311.137
3/17/2016,1063186.967
3/16/2016,1338828.033
3/15/2016,1197069.77
3/14/2016,1197069.77
3/13/2016,1189194.311
3/12/2016,1141941.557
3/11/2016,1283699.82
3/10/2016,1267948.902
3/9/2016,1299450.738
3/8/2016,1055311.508
3/7/2016,1220696.147
3/6/2016,1094688.803
3/5/2016,1292227.065
3/4/2016,1235336.566
3/3/2016,1080919.495
3/2/2016,1275972.637
3/1/2016,1040283.424
2/29/2016,1097173.923
2/28/2016,1210954.923
2/27/2016,1064665.066
2/26/2016,1219082.137
2/25/2016,1178446.066
2/24/2016,999647.3525
2/23/2016,1097173.923
2/22/2016,1056537.852
2/21/2016,1024028.995
2/20/2016,1284099.851
2/19/2016,1129682.78
2/18/2016,1289532.147
2/17/2016,1002969.447
2/16/2016,1067446.055
2/15/2016,1060281.987
2/14/2016,1289532.147
2/13/2016,1096102.325
2/12/2016,1139086.729
2/11/2016,1375500.956
2/10/2016,1210727.404
2/9/2016,1210727.404
2/8/2016,1153414.864
2/7/2016,1303860.281
2/6/2016,1139675.938
2/5/2016,1074040.151
2/4/2016,1103874.6
2/3/2016,1038238.813
2/2/2016,978569.9154
2/1/2016,1050172.592
1/31/2016,1068073.261
1/30/2016,1056139.482
1/29/2016,1014371.254
1/28/2016,883099.6798
1/27/2016,918901.0182
1/26/2016,978569.9154
1/25/2016,974832.9956
1/24/2016,935388.8859
1/23/2016,1008642.232
1/22/2016,929754.0131
1/21/2016,755072.9561
1/20/2016,822691.4298
1/19/2016,839596.0482
1/18/2016,986102.7412
1/17/2016,783247.3201
1/16/2016,783247.3201
1/15/2016,693089.3552
1/14/2016,743803.2105
1/13/2016,862135.5394
1/12/2016,908849.8762
1/11/2016,877866.3577
1/10/2016,877866.3577
1/9/2016,821063.2404
1/8/2016,903685.9565
1/7/2016,743604.4442
1/6/2016,702293.0862
1/5/2016,841718.9194
1/4/2016,903685.9565
1/3/2016,769424.0429
1/2/2016,707457.0059
1/1/2016,697129.1664
12/31/2015,743604.4442
12/30/2015,803647.0416
12/29/2015,706094.5105
12/28/2015,747902.7381
12/27/2015,905844.9313
12/26/2015,864036.7037
12/25/2015,622478.0553
12/24/2015,692158.4347
12/23/2015,766484.1726
12/22/2015,654995.5657
12/21/2015,715385.2278
12/20/2015,785065.6071
12/19/2015,720030.5864
12/18/2015,629152.1093
12/17/2015,625219.9086
12/16/2015,660609.7147
12/15/2015,758914.7318
12/14/2015,692067.3202
12/13/2015,585897.9018
12/12/2015,656677.514
12/11/2015,688135.1195
12/10/2015,770711.3338
12/9/2015,695999.5209
12/8/2015,625219.9086
12/7/2015,593762.3031
12/6/2015,621791.8738
12/5/2015,621791.8738
12/4/2015,527800.079
12/3/2015,520569.9409
12/2/2015,531415.148
12/1/2015,694093.2545
11/30/2015,542260.3551
11/29/2015,567565.8383
11/28/2015,527800.079
11/27/2015,538645.2861
11/26/2015,585641.1835
11/25/2015,556720.6312
11/24/2015,549490.4932
11/23/2015,523733.5231
11/22/2015,569560.2064
11/21/2015,582653.5445
11/20/2015,520460.1886
11/19/2015,458266.8327
11/18/2015,458266.8327
11/17/2015,527006.8577
11/16/2015,576106.8755
11/15/2015,474633.5053
11/14/2015,497546.847
11/13/2015,546646.8648
11/12/2015,477906.8399
11/11/2015,579380.21
11/10/2015,442536.7022
11/9/2015,454915.3512
11/8/2015,433252.7154
11/7/2015,504429.9473
11/6/2015,423968.7287
11/5/2015,461104.6757
11/4/2015,479672.6492
11/3/2015,488956.636
11/2/2015,448726.0267
11/1/2015,492051.2982
10/31/2015,470388.6625
10/30/2015,507524.6095
10/29/2015,458010.0135
10/28/2015,411610.9878
10/27/2015,478195.1182
10/26/2015,460035.8099
10/25/2015,469115.464
10/24/2015,420690.6419
10/23/2015,466088.9126
10/22/2015,475168.5668
10/21/2015,438849.9502
10/20/2015,384372.0253
10/19/2015,502407.5292
10/18/2015,432796.8474
10/17/2015,396478.2309
10/16/2015,396478.2309
10/15/2015,469115.464
10/14/2015,459502.3481
10/13/2015,459502.3481
10/12/2015,405087.5964
10/11/2015,453456.2646
10/10/2015,453456.2646
10/9/2015,450433.2228
10/8/2015,414156.7217
10/7/2015,414156.7217
10/6/2015,408110.6381
10/5/2015,447410.1811
10/4/2015,447410.1811
10/3/2015,456479.3064
10/2/2015,377880.2205
10/1/2015,377880.2205
9/30/2015,465548.4317
9/29/2015,510276.7014
9/28/2015,510276.7014
9/27/2015,409991.1069
9/26/2015,448335.5989
9/25/2015,477831.362
9/24/2015,427688.5647
9/23/2015,442436.4463
9/22/2015,471932.2093
9/21/2015,389344.0727
9/20/2015,353949.157
9/19/2015,389344.0727
9/18/2015,424738.9884
9/17/2015,399224.5888
9/16/2015,421875.6293
9/15/2015,461514.9501
9/14/2015,450189.4299
9/13/2015,396393.2087
9/12/2015,385067.6885
9/11/2015,489828.7508
9/10/2015,478503.2305
9/9/2015,399224.5888
9/8/2015,393561.8286
9/7/2015,385067.6885
9/6/2015,450189.4299
9/5/2015,427538.3894
9/4/2015,430369.7695
9/3/2015,407263.8701
9/2/2015,415355.2053
9/1/2015,409960.9819
8/31/2015,428840.7639
8/30/2015,388384.0881
8/29/2015,445023.4343
8/28/2015,401869.6467
8/27/2015,401869.6467
8/26/2015,418052.317
8/25/2015,372201.4177
8/24/2015,423446.5405
8/23/2015,369504.306
8/22/2015,412658.0936
8/21/2015,403437.3998
8/20/2015,406057.1232
8/19/2015,398197.9531
8/18/2015,379859.8895
8/17/2015,377240.1661
8/16/2015,385099.3362
8/15/2015,351042.9323
8/14/2015,351042.9323
8/13/2015,351042.9323
8/12/2015,322225.9752
8/11/2015,322225.9752
8/10/2015,442733.2505
8/9/2015,353662.6557
8/8/2015,353662.6557
8/7/2015,411296.57
8/6/2015,363827.6082
8/5/2015,363827.6082
8/4/2015,327444.8473
8/3/2015,382018.9886
8/2/2015,382018.9886
8/1/2015,408006.6749
7/31/2015,361228.8395
7/30/2015,361228.8395
7/29/2015,356031.3023
7/28/2015,369025.1454
7/27/2015,369025.1454
7/26/2015,402809.1376
7/25/2015,397611.6003
7/24/2015,397611.6003
7/23/2015,426555.35
7/22/2015,373235.9313
7/21/2015,373235.9313
7/20/2015,355462.7917
7/19/2015,363079.8515
7/18/2015,363079.8515
7/17/2015,406243.1905
7/16/2015,345306.7119
7/15/2015,345306.7119
7/14/2015,391009.0709
7/13/2015,368157.8914
7/12/2015,368157.8914
7/11/2015,350384.7518
7/10/2015,383102.8473
7/9/2015,383102.8473
7/8/2015,338898.6726
7/7/2015,363456.5474
7/6/2015,363456.5474
7/5/2015,417483.872
7/4/2015,380647.0598
7/3/2015,380647.0598
7/2/2015,397837.5722
7/1/2015,356089.185
6/30/2015,356089.185
6/29/2015,351177.61
6/28/2015,363122.6229
6/27/2015,363122.6229
6/26/2015,316188.4063
6/25/2015,395235.5079
6/24/2015,395235.5079
6/23/2015,373003.5106
6/22/2015,365592.8448
6/21/2015,365592.8448
6/20/2015,301367.0748
6/19/2015,397705.7298
6/18/2015,397705.7298
6/17/2015,380414.1763
6/16/2015,303837.2967
6/15/2015,303837.2967
6/14/2015,370533.2886
6/13/2015,373779.2424
6/12/2015,373779.2424
6/11/2015,321734.0315
6/10/2015,373779.2424
6/9/2015,373779.2424
6/8/2015,383242.0081
6/7/2015,395070.4651
6/6/2015,395070.4651
6/5/2015,380876.3167
6/4/2015,335928.1799
6/3/2015,335928.1799
6/2/2015,335928.1799
6/1/2015,332393.9691
5/31/2015,332393.9691
5/30/2015,356656.3026
5/29/2015,380918.6361
5/28/2015,380918.6361
5/27/2015,320262.8023
5/26/2015,327541.5024
5/25/2015,327541.5024
5/24/2015,349377.6025
5/23/2015,291148.0021
5/22/2015,291148.0021
5/21/2015,344525.1358
5/20/2015,344525.1358
5/19/2015,344525.1358
5/18/2015,329967.7357
5/17/2015,419738.3697
5/16/2015,419738.3697
5/15/2015,303150.8687
5/14/2015,331571.2626
5/13/2015,331571.2626
5/12/2015,383675.3182
5/11/2015,352886.5581
5/10/2015,352886.5581
5/9/2015,305519.2348
5/8/2015,350518.1919
5/7/2015,350518.1919
5/6/2015,381306.952
5/5/2015,364728.3889
5/4/2015,364728.3889
5/3/2015,312624.3333
5/2/2015,347909.8979
5/1/2015,347909.8979
4/30/2015,347909.8979
4/29/2015,305308.6859
4/28/2015,305308.6859
4/27/2015,371577.2379
4/26/2015,352643.3659
4/25/2015,352643.3659
4/24/2015,364477.0359
4/23/2015,326609.2919
4/22/2015,326609.2919
4/21/2015,338442.9619
4/20/2015,408026.9066
4/19/2015,408026.9066
4/18/2015,334287.1042
4/17/2015,329371.1174
4/16/2015,329371.1174
4/15/2015,339203.091
4/14/2015,388362.9593
4/13/2015,388362.9593
4/12/2015,346577.0713
4/11/2015,336745.0976
4/10/2015,336745.0976
4/9/2015,349035.0647
4/8/2015,292501.2162
4/7/2015,292501.2162
4/6/2015,390820.9527
4/5/2015,371157.0054
4/4/2015,371157.0054
4/3/2015,357640.6663
4/2/2015,341384.2724
4/1/2015,341384.2724
3/31/2015,329772.5625
3/30/2015,329772.5625
3/29/2015,329772.5625
3/28/2015,350673.6404
3/27/2015,399442.8222
3/26/2015,399442.8222
3/25/2015,346028.9564
3/24/2015,387831.1122
3/23/2015,387831.1122
3/22/2015,358360.7548
3/21/2015,337142.0259
3/20/2015,337142.0259
3/19/2015,332426.7528
3/18/2015,332426.7528
3/17/2015,332426.7528
3/16/2015,337142.0259
3/15/2015,346572.572
3/14/2015,346572.572
3/13/2015,315923.297
3/12/2015,313565.6604
3/11/2015,313565.6604
3/10/2015,391367.6664
3/9/2015,311208.0239
3/8/2015,311208.0239
3/7/2015,362028.0977
3/6/2015,366669.4836
3/5/2015,366669.4836
3/4/2015,264558.9945
3/3/2015,357386.7119
3/2/2015,357386.7119
3/1/2015,348103.9401
2/28/2015,313293.5461
2/27/2015,313293.5461
2/26/2015,366669.4836
2/25/2015,362028.0977
2/24/2015,362028.0977
2/23/2015,320255.6249
2/22/2015,333693.4978
2/21/2015,333693.4978
2/20/2015,304964.9185
2/19/2015,362422.0771
2/18/2015,362422.0771
2/17/2015,355792.405
2/16/2015,349162.7328
2/15/2015,349162.7328
2/14/2015,296125.3557
2/13/2015,309384.7
2/12/2015,309384.7
2/11/2015,300545.1371
2/10/2015,331483.6071
2/9/2015,331483.6071
2/8/2015,342533.0607
2/7/2015,352889.9386
2/6/2015,352889.9386
2/5/2015,359044.9957
2/4/2015,330321.396
2/3/2015,330321.396
2/2/2015,276977.5681
2/1/2015,348786.5672
1/31/2015,348786.5672
1/30/2015,318011.2819
1/29/2015,348786.5672
1/28/2015,348786.5672
1/27/2015,324166.339
1/26/2015,277602.0835
1/25/2015,277602.0835
1/24/2015,275416.2403
1/23/2015,271044.5539
1/22/2015,271044.5539
1/21/2015,327876.4765
1/20/2015,262301.1812
1/19/2015,262301.1812
1/18/2015,338805.6924
1/17/2015,299460.5152
1/16/2015,299460.5152
1/15/2015,325690.6334
1/14/2015,330062.3197
1/13/2015,330062.3197
1/12/2015,229513.5336
1/11/2015,296980.1063
1/10/2015,296980.1063
1/9/2015,284858.4693
1/8/2015,272736.8323
1/7/2015,272736.8323
1/6/2015,299000.3791
1/5/2015,339405.8358
1/4/2015,339405.8358
1/3/2015,335365.2901
1/2/2015,323243.6531
1/1/2015,323243.6531
