Date,CPTRA.Value
12/31/2021,166.0027052
12/30/2021,144.2158063
12/29/2021,159.0816475
12/28/2021,163.3632491
12/27/2021,190.9833979
12/26/2021,214.8352347
12/25/2021,226.7007948
12/24/2021,187.4596047
12/23/2021,161.8347441
12/22/2021,158.7391614
12/21/2021,157.3469468
12/20/2021,159.3342927
12/19/2021,214.6210952
12/18/2021,156.1422543
12/17/2021,170.7860385
12/16/2021,139.1368911
12/15/2021,153.7108267
12/14/2021,160.4568627
12/13/2021,156.973177
12/12/2021,203.2450262
12/11/2021,204.084729
12/10/2021,175.1729715
12/9/2021,178.7508358
12/8/2021,199.7314472
12/7/2021,172.3121099
12/6/2021,186.6153774
12/5/2021,241.8248779
12/4/2021,190.4733642
12/3/2021,205.7030764
12/2/2021,178.8456616
12/1/2021,174.4876393
11/30/2021,166.0377314
11/29/2021,173.0240645
11/28/2021,223.5515253
11/27/2021,204.5677055
11/26/2021,159.2016591
11/25/2021,167.4140163
11/24/2021,190.64313
11/23/2021,169.2754155
11/22/2021,183.8551524
11/21/2021,223.9720435
11/20/2021,216.0448472
11/19/2021,174.4426351
11/18/2021,183.1743858
11/17/2021,194.6741228
11/16/2021,192.2525687
11/15/2021,216.9353226
11/14/2021,287.7066116
11/13/2021,261.1662414
11/12/2021,205.3686303
11/11/2021,221.9649916
11/10/2021,211.1057637
11/9/2021,196.297734
11/8/2021,196.1251104
11/7/2021,265.4693357
11/6/2021,251.3588054
11/5/2021,212.102012
11/4/2021,194.6380539
11/3/2021,222.4826976
11/2/2021,211.3677451
11/1/2021,196.5293205
10/31/2021,246.8003648
10/30/2021,239.5711711
10/29/2021,221.3970065
10/28/2021,197.2873871
10/27/2021,202.2510791
10/26/2021,201.8988702
10/25/2021,261.1680714
10/24/2021,277.4205125
10/23/2021,250.086444
10/22/2021,217.249234
10/21/2021,189.5821644
10/20/2021,211.5823908
10/19/2021,198.0806712
10/18/2021,203.8557295
10/17/2021,285.1349877
10/16/2021,192.2482437
10/15/2021,181.0983889
10/14/2021,179.1997974
10/13/2021,208.3522735
10/12/2021,177.3689419
10/11/2021,188.797931
10/10/2021,262.9989322
10/9/2021,211.7659824
10/8/2021,149.8649949
10/7/2021,151.608402
10/6/2021,164.1197341
10/5/2021,166.625989
10/4/2021,177.1276713
10/3/2021,208.3155468
10/2/2021,218.2599247
10/1/2021,147.5768141
9/30/2021,159.6501431
9/29/2021,142.5834028
9/28/2021,154.0230868
9/27/2021,167.7911933
9/26/2021,194.7286366
9/25/2021,181.9555416
9/24/2021,146.1740188
9/23/2021,171.2841541
9/22/2021,131.1160112
9/21/2021,136.2759398
9/20/2021,172.048382
9/19/2021,240.0406549
9/18/2021,209.9366015
9/17/2021,164.5858748
9/16/2021,152.8183733
9/15/2021,159.9767747
9/14/2021,183.5759514
9/13/2021,177.148666
9/12/2021,216.1356529
9/11/2021,194.3528166
9/10/2021,152.1254999
9/9/2021,147.1252556
9/8/2021,154.4290527
9/7/2021,176.6402369
9/6/2021,210.6518785
9/5/2021,254.2345611
9/4/2021,215.8218402
9/3/2021,165.9092325
9/2/2021,163.1844681
9/1/2021,148.3469241
8/31/2021,159.2759733
8/30/2021,164.2032735
8/29/2021,250.2760499
8/28/2021,200.0010123
8/27/2021,171.5070954
8/26/2021,169.2172761
8/25/2021,185.6982926
8/24/2021,181.7912569
8/23/2021,229.7428793
8/22/2021,266.0802463
8/21/2021,240.2200591
8/20/2021,178.2301386
8/19/2021,173.8603455
8/18/2021,156.6064046
8/17/2021,196.949585
8/16/2021,181.9991054
8/15/2021,285.7161683
8/14/2021,233.2472117
8/13/2021,161.2224449
8/12/2021,171.0599527
8/11/2021,163.6172134
8/10/2021,182.742302
8/9/2021,171.0933595
8/8/2021,230.5535078
8/7/2021,216.0414872
8/6/2021,159.4000493
8/5/2021,162.2227772
8/4/2021,139.9040267
8/3/2021,168.7864524
8/2/2021,150.1936631
8/1/2021,218.150775
7/31/2021,200.7347026
7/30/2021,164.5043276
7/29/2021,152.6893708
7/28/2021,158.1220124
7/27/2021,159.1790822
7/26/2021,139.3134029
7/25/2021,190.2019268
7/24/2021,166.7012002
7/23/2021,121.0247906
7/22/2021,138.7703739
7/21/2021,121.3500107
7/20/2021,100.8009738
7/19/2021,148.4361021
7/18/2021,179.8968748
7/17/2021,157.0111842
7/16/2021,135.6478001
7/15/2021,116.5207943
7/14/2021,150.0842544
7/13/2021,125.8115144
7/12/2021,125.8593906
7/11/2021,164.1558078
7/10/2021,184.5684323
7/9/2021,123.257311
7/8/2021,129.1950565
7/7/2021,125.9858627
7/6/2021,139.8394369
7/5/2021,133.0955239
7/4/2021,156.246533
7/3/2021,123.3300142
7/2/2021,110.2400755
7/1/2021,97.64126244
6/30/2021,98.73662078
6/29/2021,106.3166059
6/28/2021,94.45366896
6/27/2021,104.8179552
6/26/2021,101.6335724
6/25/2021,111.6401116
6/24/2021,101.879013
6/23/2021,99.10229462
6/22/2021,100.7721546
6/21/2021,112.7856634
6/20/2021,141.9622963
6/19/2021,127.5480373
6/18/2021,133.9426799
6/17/2021,137.0736571
6/16/2021,125.6444957
6/15/2021,142.4994147
6/14/2021,148.2131357
6/13/2021,166.9554153
6/12/2021,139.8883153
6/11/2021,118.9540721
6/10/2021,114.5965089
6/9/2021,134.1700294
6/8/2021,128.3114614
6/7/2021,132.7642067
6/6/2021,186.4579871
6/5/2021,159.3388249
6/4/2021,135.9805948
6/3/2021,145.6732635
6/2/2021,163.4974329
6/1/2021,145.9675983
5/31/2021,149.4747443
5/30/2021,184.8501076
5/29/2021,137.3314298
5/28/2021,136.9262036
5/27/2021,144.2402288
5/26/2021,142.9087212
5/25/2021,139.4340447
5/24/2021,139.1612414
5/23/2021,148.9510034
5/22/2021,138.8567689
5/21/2021,141.3040782
5/20/2021,145.3064451
5/19/2021,136.7444049
5/18/2021,138.5799674
5/17/2021,146.966607
5/16/2021,190.0748872
5/15/2021,174.2867617
5/14/2021,171.5920874
5/13/2021,194.0530777
5/12/2021,214.9626213
5/11/2021,206.9983769
5/10/2021,234.331571
5/9/2021,288.322739
5/8/2021,246.3818797
5/7/2021,218.461023
5/6/2021,214.0770964
5/5/2021,196.172775
5/4/2021,226.1594032
5/3/2021,247.4321761
5/2/2021,300.3105491
5/1/2021,213.2471632
4/30/2021,202.6975065
4/29/2021,188.2650747
4/28/2021,202.1800234
4/27/2021,191.8160447
4/26/2021,193.6877736
4/25/2021,205.1655647
4/24/2021,185.3442945
4/23/2021,187.8984107
4/22/2021,234.1282288
4/21/2021,217.7919035
4/20/2021,219.5758039
4/19/2021,223.8831831
4/18/2021,205.5984325
4/17/2021,231.4116949
4/16/2021,220.0998094
4/15/2021,215.9039056
4/14/2021,208.9713735
4/13/2021,198.0631342
4/12/2021,204.7651026
4/11/2021,229.706618
4/10/2021,214.2953613
4/9/2021,191.3938507
4/8/2021,190.3721145
4/7/2021,192.0207937
4/6/2021,190.1563603
4/5/2021,215.2360884
4/4/2021,229.6745986
4/3/2021,188.1483151
4/2/2021,187.1999976
4/1/2021,188.2505639
3/31/2021,191.4317729
3/30/2021,183.6830545
3/29/2021,193.5637828
3/28/2021,236.4072177
3/27/2021,203.6272281
3/26/2021,168.7750453
3/25/2021,171.3728762
3/24/2021,186.5172938
3/23/2021,190.3569446
3/22/2021,196.8349315
3/21/2021,250.6740395
3/20/2021,214.4029005
3/19/2021,193.8704832
3/18/2021,191.5500041
3/17/2021,181.4938705
3/16/2021,180.4646719
3/15/2021,204.1992899
3/14/2021,210.2138453
3/13/2021,214.4243313
3/12/2021,187.0654299
3/11/2021,181.074053
3/10/2021,167.2610142
3/9/2021,176.481592
3/8/2021,184.2874115
3/7/2021,189.6577133
3/6/2021,172.633008
3/5/2021,156.7624898
3/4/2021,155.973386
3/3/2021,164.4998578
3/2/2021,147.4644453
3/1/2021,158.7027616
2/28/2021,158.8419473
2/27/2021,159.4481197
2/26/2021,154.6758126
2/25/2021,173.9974241
2/24/2021,164.3514198
2/23/2021,165.1770481
2/22/2021,185.3841115
2/21/2021,209.4333688
2/20/2021,186.2586994
2/19/2021,173.4383916
2/18/2021,163.7315902
2/17/2021,161.4448151
2/16/2021,144.5163332
2/15/2021,165.5073343
2/14/2021,168.7808418
2/13/2021,157.6243575
2/12/2021,152.7207184
2/11/2021,152.2329116
2/10/2021,142.6292162
2/9/2021,140.8474536
2/8/2021,140.7569099
2/7/2021,143.4734446
2/6/2021,133.3268101
2/5/2021,125.0578307
2/4/2021,119.3066664
2/3/2021,113.6137053
2/2/2021,104.7702588
2/1/2021,105.7919248
1/31/2021,114.9161153
1/30/2021,107.7507072
1/29/2021,115.6926941
1/28/2021,96.86122307
1/27/2021,93.17970688
1/26/2021,103.4068562
1/25/2021,105.3408883
1/24/2021,117.8363293
1/23/2021,110.5853514
1/22/2021,97.46828007
1/21/2021,104.1687293
1/20/2021,108.9457606
1/19/2021,116.7026816
1/18/2021,114.0294295
1/17/2021,117.4699071
1/16/2021,121.5564912
1/15/2021,121.3185321
1/14/2021,120.781596
1/13/2021,117.4736748
1/12/2021,112.7418222
1/11/2021,112.8814764
1/10/2021,130.0870769
1/9/2021,122.9570336
1/8/2021,118.1451143
1/7/2021,111.9484718
1/6/2021,108.2191661
1/5/2021,99.73361786
1/4/2021,103.5806643
1/3/2021,100.0299603
1/2/2021,107.0417383
1/1/2021,111.9310541
12/31/2020,96.49870141
12/30/2020,99.0330683
12/29/2020,83.91357134
12/28/2020,96.08344815
12/27/2020,89.10412418
12/26/2020,86.22820587
12/25/2020,78.28909081
12/24/2020,76.98192047
12/23/2020,76.93044803
12/22/2020,73.25442704
12/21/2020,85.6454104
12/20/2020,85.18971437
12/19/2020,75.34691069
12/18/2020,71.43132286
12/17/2020,71.48210696
12/16/2020,62.12741454
12/15/2020,57.15446924
12/14/2020,58.90395619
12/13/2020,70.73462122
12/12/2020,54.58253975
12/11/2020,54.58588669
12/10/2020,51.40656665
12/9/2020,53.53016529
12/8/2020,55.88274461
12/7/2020,64.28462051
12/6/2020,66.57493719
12/5/2020,65.5182895
12/4/2020,60.51072664
12/3/2020,62.72995521
12/2/2020,55.10588207
12/1/2020,55.92530268
11/30/2020,57.23788696
11/29/2020,67.0272604
11/28/2020,59.97862389
11/27/2020,55.47527451
11/26/2020,55.95337576
11/25/2020,56.25435222
11/24/2020,53.05736673
11/23/2020,60.47303381
11/22/2020,76.56571754
11/21/2020,66.37726888
11/20/2020,59.31056556
11/19/2020,54.61316933
11/18/2020,57.31778108
11/17/2020,52.69153353
11/16/2020,56.86267312
11/15/2020,61.97775138
11/14/2020,56.18042087
11/13/2020,52.68569565
11/12/2020,54.34302063
11/11/2020,49.71029591
11/10/2020,54.27390474
11/9/2020,61.11864765
11/8/2020,60.35626611
11/7/2020,59.55296791
11/6/2020,55.0650609
11/5/2020,57.64315987
11/4/2020,51.89053258
11/3/2020,47.71635428
11/2/2020,48.54024664
11/1/2020,47.73157157
10/31/2020,48.37628844
10/30/2020,47.80407224
10/29/2020,45.12799068
10/28/2020,43.79930076
10/27/2020,43.14985966
10/26/2020,41.33161375
10/25/2020,42.91851083
10/24/2020,44.21064863
10/23/2020,38.51898235
10/22/2020,38.85446322
10/21/2020,37.1421146
10/20/2020,34.85233333
10/19/2020,31.93256565
10/18/2020,38.79004192
10/17/2020,42.04987795
10/16/2020,36.16938425
10/15/2020,34.33767135
10/14/2020,36.26839851
10/13/2020,38.31666069
10/12/2020,36.65173153
10/11/2020,41.48204268
10/10/2020,37.05297899
10/9/2020,32.31297938
10/8/2020,36.54324437
10/7/2020,30.20859655
10/6/2020,31.16505981
10/5/2020,35.21749907
10/4/2020,41.25049425
10/3/2020,34.51617708
10/2/2020,32.43966058
10/1/2020,30.89820166
9/30/2020,32.68015303
9/29/2020,29.73099852
9/28/2020,31.90702997
9/27/2020,40.66223031
9/26/2020,38.34044739
9/25/2020,34.47817874
9/24/2020,30.81819571
9/23/2020,29.29786121
9/22/2020,29.41960713
9/21/2020,34.78405779
9/20/2020,38.75676797
9/19/2020,36.3674761
9/18/2020,36.98855244
9/17/2020,36.95518574
9/16/2020,33.26534392
9/15/2020,34.02654478
9/14/2020,34.76789261
9/13/2020,43.27048582
9/12/2020,38.67897429
9/11/2020,31.84140295
9/10/2020,32.78260585
9/9/2020,32.98333609
9/8/2020,32.09256335
9/7/2020,36.76991796
9/6/2020,39.31969877
9/5/2020,31.62068871
9/4/2020,34.66539378
9/3/2020,33.40811948
9/2/2020,37.53555478
9/1/2020,34.37834535
8/31/2020,39.65175165
8/30/2020,37.01011231
8/29/2020,38.45091762
8/28/2020,36.56616647
8/27/2020,32.16322126
8/26/2020,34.99693933
8/25/2020,33.61883501
8/24/2020,35.98997715
8/23/2020,42.04207712
8/22/2020,34.99414137
8/21/2020,41.32502318
8/20/2020,36.88905456
8/19/2020,35.70293318
8/18/2020,36.2736928
8/17/2020,35.46875928
8/16/2020,42.29770808
8/15/2020,39.6858492
8/14/2020,37.03713447
8/13/2020,36.51267358
8/12/2020,36.61846858
8/11/2020,37.05315143
8/10/2020,38.18301954
8/9/2020,45.10164367
8/8/2020,39.81358401
8/7/2020,39.27648382
8/6/2020,38.61695747
8/5/2020,37.03358095
8/4/2020,34.76464017
8/3/2020,38.5730243
8/2/2020,38.92699404
8/1/2020,38.556257
7/31/2020,35.41537666
7/30/2020,34.47908471
7/29/2020,35.17652537
7/28/2020,33.93266405
7/27/2020,33.55191289
7/26/2020,34.97120132
7/25/2020,32.2417857
7/24/2020,29.2636129
7/23/2020,27.96202644
7/22/2020,26.76860887
7/21/2020,26.25791056
7/20/2020,28.44211937
7/19/2020,28.57163275
7/18/2020,26.31259454
7/17/2020,25.31145024
7/16/2020,24.50856109
7/15/2020,27.05857899
7/14/2020,24.61351871
7/13/2020,28.7234843
7/12/2020,31.91679737
7/11/2020,30.34312565
7/10/2020,28.07757039
7/9/2020,27.84411321
7/8/2020,26.67714095
7/7/2020,27.98478738
7/6/2020,27.42811864
7/5/2020,34.48886985
7/4/2020,31.88647069
7/3/2020,29.40485371
7/2/2020,29.18474943
7/1/2020,25.85226177
6/30/2020,29.36383535
6/29/2020,27.14674471
6/28/2020,32.71650496
6/27/2020,29.2570377
6/26/2020,29.45720207
6/25/2020,27.2404857
6/24/2020,27.51841042
6/23/2020,28.04918677
6/22/2020,29.5956606
6/21/2020,33.75274117
6/20/2020,28.99453407
6/19/2020,25.38515926
6/18/2020,27.17330917
6/17/2020,25.78874885
6/16/2020,27.6651725
6/15/2020,28.11989961
6/14/2020,37.34282136
6/13/2020,33.96811195
6/12/2020,30.99949912
6/11/2020,34.5081631
6/10/2020,31.98760741
6/9/2020,30.941604
6/8/2020,32.1651729
6/7/2020,38.9154836
6/6/2020,43.21815713
6/5/2020,35.30940954
6/4/2020,30.67789623
6/3/2020,28.92111582
6/2/2020,29.4010299
6/1/2020,28.59925087
5/31/2020,36.92500187
5/30/2020,34.65595032
5/29/2020,29.86254895
5/28/2020,28.19888429
5/27/2020,29.35882148
5/26/2020,25.58139373
5/25/2020,28.92208667
5/24/2020,33.96646781
5/23/2020,29.13144386
5/22/2020,27.87243502
5/21/2020,31.66145208
5/20/2020,31.46277443
5/19/2020,31.65018288
5/18/2020,34.0792486
5/17/2020,30.03442554
5/16/2020,28.42395619
5/15/2020,28.87562685
5/14/2020,30.67957154
5/13/2020,25.90829501
5/12/2020,25.92737956
5/11/2020,55.67948894
5/10/2020,66.5166166
5/9/2020,55.62067741
5/8/2020,56.07217027
5/7/2020,53.35534408
5/6/2020,56.96703312
5/5/2020,55.55794504
5/4/2020,54.88725362
5/3/2020,69.54080055
5/2/2020,59.34732189
5/1/2020,49.23066586
4/30/2020,49.62861421
4/29/2020,46.07876111
4/28/2020,46.63233336
4/27/2020,44.45340441
4/26/2020,52.51847585
4/25/2020,46.40204386
4/24/2020,43.0990266
4/23/2020,40.12774519
4/22/2020,41.6028773
4/21/2020,42.24226052
4/20/2020,46.42508486
4/19/2020,54.49320677
4/18/2020,49.32651912
4/17/2020,39.93608186
4/16/2020,41.79483571
4/15/2020,46.92580487
4/14/2020,48.7254431
4/13/2020,50.198112
4/12/2020,58.41562652
4/11/2020,55.2823718
4/10/2020,49.79011589
4/9/2020,49.67113568
4/8/2020,46.42072222
4/7/2020,49.79938401
4/6/2020,40.95034291
4/5/2020,62.25629374
4/4/2020,53.34481213
4/3/2020,41.02593081
4/2/2020,43.51591508
4/1/2020,43.62423905
3/31/2020,45.22100306
3/30/2020,42.04005151
3/29/2020,50.61114161
3/28/2020,44.87756833
3/27/2020,48.41393606
3/26/2020,46.75481242
3/25/2020,36.91659869
3/24/2020,40.59352646
3/23/2020,34.30387423
3/22/2020,47.79344984
3/21/2020,40.15504981
3/20/2020,32.57792029
3/19/2020,30.04029614
3/18/2020,30.01571743
3/17/2020,30.45894589
3/16/2020,28.65315551
3/15/2020,36.2993355
3/14/2020,32.11444611
3/13/2020,30.19727135
3/12/2020,37.70128589
3/11/2020,41.41484407
3/10/2020,40.36753189
3/9/2020,43.08800997
3/8/2020,56.93514127
3/7/2020,57.50021193
3/6/2020,52.96396744
3/5/2020,53.10749316
3/4/2020,51.49391951
3/3/2020,49.76874899
3/2/2020,48.28533104
3/1/2020,48.28533104
2/29/2020,48.28533104
2/28/2020,47.23970009
2/27/2020,48.41391735
2/26/2020,47.36538406
2/25/2020,51.42716826
2/24/2020,52.83783399
2/23/2020,61.92439158
2/22/2020,59.26356125
2/21/2020,55.79862769
2/20/2020,48.53765918
2/19/2020,54.18808225
2/18/2020,57.21398736
2/17/2020,56.72599186
2/16/2020,60.91484651
2/15/2020,56.68973182
2/14/2020,54.84362044
2/13/2020,54.32293613
2/12/2020,54.44736441
2/11/2020,51.2150334
2/10/2020,51.59764102
2/9/2020,61.93746944
2/8/2020,53.96427829
2/7/2020,51.64153848
2/6/2020,52.33653867
2/5/2020,52.33653867
2/4/2020,49.85612848
2/3/2020,52.76887169
2/2/2020,58.25182153
2/1/2020,58.79734008
1/31/2020,50.95367655
1/30/2020,55.89459404
1/29/2020,55.45996407
1/28/2020,47.76489775
1/27/2020,50.94833787
1/26/2020,58.09923834
1/25/2020,60.03921531
1/24/2020,51.7239596
1/23/2020,51.58870075
1/22/2020,51.99985458
1/21/2020,53.00702465
1/20/2020,50.05692275
1/19/2020,58.85192142
1/18/2020,51.64489629
1/17/2020,54.88761457
1/16/2020,53.62273203
1/15/2020,50.48040352
1/14/2020,45.38966769
1/13/2020,50.18340409
1/12/2020,54.7886893
1/11/2020,54.52835339
1/10/2020,45.09008677
1/9/2020,48.84303
1/8/2020,46.82260093
1/7/2020,51.28540046
1/6/2020,42.74411662
1/5/2020,53.42367666
1/4/2020,53.91072844
1/3/2020,49.5736806
1/2/2020,42.54917235
1/1/2020,63.13659534
12/31/2019,44.82221396
12/30/2019,47.12614193
12/29/2019,51.1481969
12/28/2019,45.92456506
12/27/2019,40.89198552
12/26/2019,52.3447784
12/25/2019,47.55425881
12/24/2019,39.68458424
12/23/2019,45.11746901
12/22/2019,54.56944168
12/21/2019,50.92853939
12/20/2019,42.4593033
12/19/2019,44.52461705
12/18/2019,36.70516368
12/17/2019,37.96924691
12/16/2019,43.09954868
12/15/2019,42.23354707
12/14/2019,46.1470631
12/13/2019,43.14916378
12/12/2019,38.73121828
12/11/2019,41.41494133
12/10/2019,42.63698543
12/9/2019,44.54588691
12/8/2019,50.09632459
12/7/2019,53.41405363
12/6/2019,43.13432349
12/5/2019,43.18674605
12/4/2019,45.77172577
12/3/2019,43.49836593
12/2/2019,42.72246578
12/1/2019,47.06750894
11/30/2019,44.26608917
11/29/2019,43.46395366
11/28/2019,50.78226554
11/27/2019,40.45689188
11/26/2019,34.75506697
11/25/2019,39.30165448
11/24/2019,44.25665217
11/23/2019,51.6732027
11/22/2019,39.7198347
11/21/2019,42.33860655
11/20/2019,45.40200798
11/19/2019,46.6587908
11/18/2019,49.11324517
11/17/2019,62.72450467
11/16/2019,55.96532661
11/15/2019,52.98585816
11/14/2019,52.8362277
11/13/2019,47.24206346
11/12/2019,49.73482956
11/11/2019,51.6711387
11/10/2019,62.51771344
11/9/2019,52.62310147
11/8/2019,47.40033598
11/7/2019,49.21909178
11/6/2019,50.10966073
11/5/2019,52.31948883
11/4/2019,51.14102232
11/3/2019,55.61791897
11/2/2019,56.23138785
11/1/2019,48.37293914
10/31/2019,52.62566011
10/30/2019,49.8983568
10/29/2019,51.65591955
10/28/2019,52.49962928
10/27/2019,54.16334619
10/26/2019,54.85067452
10/25/2019,42.32855729
10/24/2019,41.44968762
10/23/2019,48.54854547
10/22/2019,51.2399502
10/21/2019,46.86867393
10/20/2019,51.46507478
10/19/2019,46.96922401
10/18/2019,48.02138917
10/17/2019,46.24025483
10/16/2019,43.23397499
10/15/2019,47.41810918
10/14/2019,47.34022495
10/13/2019,53.55971122
10/12/2019,46.47485995
10/11/2019,48.48832784
10/10/2019,51.33844002
10/9/2019,47.02278411
10/8/2019,50.02011085
10/7/2019,47.88242812
10/6/2019,53.2545313
10/5/2019,49.6996124
10/4/2019,45.07054463
10/3/2019,47.30779387
10/2/2019,48.09473114
10/1/2019,45.50943924
9/30/2019,43.14977559
9/29/2019,48.81527778
9/28/2019,52.15458801
9/27/2019,44.42668763
9/26/2019,50.30944994
9/25/2019,48.79851645
9/24/2019,53.08727693
9/23/2019,50.53454018
9/22/2019,66.33008284
9/21/2019,62.73551356
9/20/2019,57.31346875
9/19/2019,54.16536068
9/18/2019,62.04407816
9/17/2019,56.03244933
9/16/2019,61.21482182
9/15/2019,70.37627452
9/14/2019,67.61384371
9/13/2019,63.60000082
9/12/2019,60.98032519
9/11/2019,70.64898622
9/10/2019,69.62378205
9/9/2019,60.4710385
9/8/2019,81.9251102
9/7/2019,62.74133807
9/6/2019,58.72193492
9/5/2019,63.65776478
9/4/2019,56.58569087
9/3/2019,59.43113035
9/2/2019,57.76129776
9/1/2019,60.90544012
8/31/2019,58.94227618
8/30/2019,55.42372067
8/29/2019,57.33722462
8/28/2019,56.52152238
8/27/2019,53.81323639
8/26/2019,56.72696839
8/25/2019,69.16593569
8/24/2019,68.03759277
8/23/2019,58.75419351
8/22/2019,56.58122809
8/21/2019,57.85859439
8/20/2019,63.40932318
8/19/2019,66.26561156
8/18/2019,59.69396776
8/17/2019,58.34659948
8/16/2019,59.71381836
8/15/2019,56.46580666
8/14/2019,56.9411943
8/13/2019,61.42032748
8/12/2019,66.067637
8/11/2019,80.988848
8/10/2019,73.27579706
8/9/2019,66.05667873
8/8/2019,65.35236658
8/7/2019,62.84626922
8/6/2019,65.80684749
8/5/2019,63.10677821
8/4/2019,76.63824055
8/3/2019,72.5873514
8/2/2019,64.70353497
8/1/2019,54.4208452
7/31/2019,59.98834649
7/30/2019,53.47974524
7/29/2019,62.04516056
7/28/2019,76.90970132
7/27/2019,66.34341983
7/26/2019,64.90979062
7/25/2019,57.43088116
7/24/2019,58.68201118
7/23/2019,57.87161477
7/22/2019,66.34592194
7/21/2019,70.80517917
7/20/2019,74.50692876
7/19/2019,54.0467695
7/18/2019,50.46231134
7/17/2019,50.78949757
7/16/2019,60.21851188
7/15/2019,56.25234175
7/14/2019,66.54722467
7/13/2019,67.67410409
7/12/2019,67.68427269
7/11/2019,60.47019233
7/10/2019,68.13882063
7/9/2019,69.16730558
7/8/2019,71.50600141
7/7/2019,70.78484797
7/6/2019,74.60011891
7/5/2019,71.69286406
7/4/2019,69.08036716
7/3/2019,64.33555678
7/2/2019,57.93822908
7/1/2019,60.8858358
6/30/2019,70.05708314
6/29/2019,76.38901807
6/28/2019,63.71338017
6/27/2019,64.60049429
6/26/2019,71.57313407
6/25/2019,60.91204696
6/24/2019,65.48349289
6/23/2019,66.5162485
6/22/2019,57.12399556
6/21/2019,51.92821693
6/20/2019,54.24620321
6/19/2019,52.91269996
6/18/2019,50.04323263
6/17/2019,51.3471327
6/16/2019,52.43256551
6/15/2019,50.18578141
6/14/2019,51.35155613
6/13/2019,44.76506515
6/12/2019,42.74792181
6/11/2019,44.0144173
6/10/2019,45.55737242
6/9/2019,49.06641441
6/8/2019,43.76232797
6/7/2019,47.08676549
6/6/2019,44.836014
6/5/2019,44.9772261
6/4/2019,44.8260165
6/3/2019,48.9059108
6/2/2019,51.16521445
6/1/2019,52.69734406
5/31/2019,46.58376296
5/30/2019,50.2153455
5/29/2019,50.47080346
5/28/2019,50.22214968
5/27/2019,50.18132154
5/26/2019,46.86434093
5/25/2019,44.66694583
5/24/2019,45.02245175
5/23/2019,42.3005449
5/22/2019,45.33949139
5/21/2019,44.18119151
5/20/2019,45.62897172
5/19/2019,49.38304062
5/18/2019,41.65830753
5/17/2019,42.57806707
5/16/2019,43.66021754
5/15/2019,44.93644544
5/14/2019,44.12894799
5/13/2019,41.84660561
5/12/2019,44.10984671
5/11/2019,34.43309827
5/10/2019,32.91537565
5/9/2019,33.09912129
5/8/2019,29.84551207
5/7/2019,29.96568628
5/6/2019,29.33055221
5/5/2019,28.99940921
5/4/2019,27.29762303
5/3/2019,29.03843342
5/2/2019,27.97085145
5/1/2019,26.4969092
4/30/2019,27.49444344
4/29/2019,30.48578968
4/28/2019,28.10324518
4/27/2019,25.38116429
4/26/2019,26.71375006
4/25/2019,26.62237308
4/24/2019,29.46833019
4/23/2019,27.38712988
4/22/2019,27.08514213
4/21/2019,28.21050464
4/20/2019,28.32888706
4/19/2019,28.88971422
4/18/2019,26.54272524
4/17/2019,26.82869009
4/16/2019,26.85149813
4/15/2019,25.43941783
4/14/2019,23.81340109
4/13/2019,24.28052415
4/12/2019,26.62877772
4/11/2019,26.49734874
4/10/2019,26.05871041
4/9/2019,26.62665753
4/8/2019,27.8061463
4/7/2019,26.99622862
4/6/2019,25.45071928
4/5/2019,27.05371868
4/4/2019,26.95361118
4/3/2019,26.78721731
4/2/2019,24.08684122
4/1/2019,19.68015171
3/31/2019,19.07522963
3/30/2019,19.38004026
3/29/2019,20.81274068
3/28/2019,19.11790858
3/27/2019,19.94203513
3/26/2019,18.21399883
3/25/2019,23.27131774
3/24/2019,33.15982105
3/23/2019,28.85259313
3/22/2019,27.17924546
3/21/2019,24.32423884
3/20/2019,27.22646252
3/19/2019,28.65814862
3/18/2019,28.12760165
3/17/2019,32.10809688
3/16/2019,31.62498132
3/15/2019,25.81974783
3/14/2019,25.34132609
3/13/2019,23.21144156
3/12/2019,24.70006832
3/11/2019,23.67315669
3/10/2019,31.43058859
3/9/2019,29.33534346
3/8/2019,25.21725166
3/7/2019,25.17082702
3/6/2019,22.79496668
3/5/2019,24.90020983
3/4/2019,21.35952689
3/3/2019,19.83886876
3/2/2019,19.00503973
3/1/2019,22.09444707
2/28/2019,19.75403481
2/27/2019,19.74085456
2/26/2019,21.21063682
2/25/2019,20.53854146
2/24/2019,22.20459524
2/23/2019,21.90552549
2/22/2019,23.11226151
2/21/2019,20.05919364
2/20/2019,20.79186631
2/19/2019,22.24960211
2/18/2019,21.65439351
2/17/2019,21.94154891
2/16/2019,20.62543268
2/15/2019,19.4194818
2/14/2019,18.08315324
2/13/2019,19.78189166
2/12/2019,21.54027999
2/11/2019,20.97709559
2/10/2019,21.35042156
2/9/2019,22.01762782
2/8/2019,21.25050806
2/7/2019,20.8896915
2/6/2019,19.98262444
2/5/2019,17.99977075
2/4/2019,19.04603663
2/3/2019,19.88781141
2/2/2019,19.56121923
2/1/2019,20.20968693
1/31/2019,19.01828624
1/30/2019,18.27609555
1/29/2019,19.22598949
1/28/2019,20.51017922
1/27/2019,22.78674374
1/26/2019,23.60803256
1/25/2019,20.84803305
1/24/2019,23.83123409
1/23/2019,22.43743612
1/22/2019,19.74173403
1/21/2019,21.33229788
1/20/2019,24.33279196
1/19/2019,22.14279494
1/18/2019,20.72741566
1/17/2019,19.65559706
1/16/2019,19.86805619
1/15/2019,20.2171908
1/14/2019,20.76841754
1/13/2019,22.55023776
1/12/2019,22.56602793
1/11/2019,22.22533409
1/10/2019,23.07642278
1/9/2019,26.22576553
1/8/2019,27.03181574
1/7/2019,25.165486
1/6/2019,26.97977419
1/5/2019,29.90102939
1/4/2019,25.25215855
1/3/2019,25.99197858
1/2/2019,27.12218198
1/1/2019,29.83505716
12/31/2018,28.52096236
12/30/2018,31.70594624
12/29/2018,25.45769952
12/28/2018,25.57095713
12/27/2018,27.38134417
12/26/2018,26.58429016
12/25/2018,28.86161933
12/24/2018,29.51006379
12/23/2018,35.50857673
12/22/2018,34.3476865
12/21/2018,25.48802975
12/20/2018,23.39915802
12/19/2018,23.8692704
12/18/2018,21.79484858
12/17/2018,22.55811335
12/16/2018,20.9799778
12/15/2018,23.07669576
12/14/2018,21.69072453
12/13/2018,21.06318805
12/12/2018,20.16067281
12/11/2018,21.22573691
12/10/2018,21.45550215
12/9/2018,23.91546159
12/8/2018,23.57368168
12/7/2018,19.53319156
12/6/2018,22.96695136
12/5/2018,24.52995844
12/4/2018,25.75368873
12/3/2018,24.00652256
12/2/2018,26.8028698
12/1/2018,26.9141572
11/30/2018,21.39614719
11/29/2018,23.24541588
11/28/2018,24.41110311
11/27/2018,23.39975343
11/26/2018,21.29277316
11/25/2018,25.88114693
11/24/2018,31.23436544
11/23/2018,24.94216097
11/22/2018,26.73619707
11/21/2018,24.22870369
11/20/2018,26.97655834
11/19/2018,31.96504582
11/18/2018,36.36489845
11/17/2018,38.19102015
11/16/2018,31.86114717
11/15/2018,31.32195038
11/14/2018,35.22122431
11/13/2018,34.65129028
11/12/2018,37.75300188
11/11/2018,47.2112092
11/10/2018,41.92078339
11/9/2018,36.35735171
11/8/2018,35.67365297
11/7/2018,36.62675192
11/6/2018,36.56043902
11/5/2018,39.55191539
11/4/2018,43.79969656
11/3/2018,51.66464267
11/2/2018,39.34016419
11/1/2018,43.69574823
10/31/2018,44.96374982
10/30/2018,43.29303568
10/29/2018,43.64530892
10/28/2018,51.80966722
10/27/2018,46.60375824
10/26/2018,46.19652025
10/25/2018,44.01958161
10/24/2018,36.15109012
10/23/2018,49.64917408
10/22/2018,49.73812819
10/21/2018,52.84810394
10/20/2018,51.31980478
10/19/2018,45.81789742
10/18/2018,44.40059799
10/17/2018,44.1804745
10/16/2018,43.64603349
10/15/2018,48.95422762
10/14/2018,47.34349132
10/13/2018,54.20634865
10/12/2018,42.52428845
10/11/2018,47.75551262
10/10/2018,48.64774612
10/9/2018,45.87149122
10/8/2018,45.47634639
10/7/2018,53.37026919
10/6/2018,48.46869516
10/5/2018,44.18963673
10/4/2018,51.11760353
10/3/2018,49.31892017
10/2/2018,46.60391163
10/1/2018,54.20064017
9/30/2018,64.936614
9/29/2018,57.57587925
9/28/2018,51.31778132
9/27/2018,47.49629284
9/26/2018,46.61019931
9/25/2018,54.24791385
9/24/2018,51.58639116
9/23/2018,63.29521426
9/22/2018,58.1920559
9/21/2018,44.55488064
9/20/2018,49.16920329
9/19/2018,49.64671557
9/18/2018,45.88117873
9/17/2018,45.44102704
9/16/2018,63.20833864
9/15/2018,54.48507329
9/14/2018,48.65109198
9/13/2018,51.50851401
9/12/2018,57.17951912
9/11/2018,47.32821124
9/10/2018,48.2508306
9/9/2018,67.78598081
9/8/2018,58.97556955
9/7/2018,53.83716545
9/6/2018,48.56391417
9/5/2018,48.53578311
9/4/2018,50.44418115
9/3/2018,59.31811511
9/2/2018,70.34357894
9/1/2018,63.46690471
8/31/2018,57.85281368
8/30/2018,58.39665122
8/29/2018,52.30822313
8/28/2018,57.43341786
8/27/2018,70.45519019
8/26/2018,84.6121349
8/25/2018,58.35858082
8/24/2018,54.89014028
8/23/2018,55.71245805
8/22/2018,58.28292977
8/21/2018,55.10568515
8/20/2018,56.98993001
8/19/2018,70.64910418
8/18/2018,67.97783053
8/17/2018,53.32593134
8/16/2018,54.48814795
8/15/2018,52.61151558
8/14/2018,42.18803228
8/13/2018,53.61964493
8/12/2018,74.57674276
8/11/2018,68.91111723
8/10/2018,63.0410484
8/9/2018,54.18494975
8/8/2018,54.36505624
8/7/2018,57.09258513
8/6/2018,53.25904562
8/5/2018,81.96015649
8/4/2018,83.93434837
8/3/2018,68.95540358
8/2/2018,65.41608789
8/1/2018,59.59478104
7/31/2018,62.57714279
7/30/2018,60.71469786
7/29/2018,105.5576316
7/28/2018,79.14850324
7/27/2018,72.94164601
7/26/2018,74.42372929
7/25/2018,75.48921382
7/24/2018,59.9496459
7/23/2018,70.49641956
7/22/2018,101.6215338
7/21/2018,68.63507931
7/20/2018,64.14605394
7/19/2018,70.53032776
7/18/2018,68.03565085
7/17/2018,58.68946629
7/16/2018,46.64062406
7/15/2018,65.28198175
7/14/2018,59.2424498
7/13/2018,53.56109038
7/12/2018,55.95043171
7/11/2018,53.6080436
7/10/2018,58.49685388
7/9/2018,55.97333196
7/8/2018,86.96101456
7/7/2018,76.5419297
7/6/2018,65.49257767
7/5/2018,57.1480075
7/4/2018,54.31817269
7/3/2018,45.22424088
7/2/2018,58.25239817
7/1/2018,75.3937329
6/30/2018,58.73561376
6/29/2018,57.55145736
6/28/2018,65.1275547
6/27/2018,50.28921213
6/26/2018,58.96934159
6/25/2018,61.44671555
6/24/2018,84.71232626
6/23/2018,77.26455604
6/22/2018,64.44384662
6/21/2018,74.71825659
6/20/2018,70.96133892
6/19/2018,70.99687913
6/18/2018,70.70777748
6/17/2018,90.85635612
6/16/2018,85.57476861
6/15/2018,60.49921533
6/14/2018,59.81850937
6/13/2018,54.40997604
6/12/2018,55.86335425
6/11/2018,56.22623308
6/10/2018,60.46132687
6/9/2018,79.75721842
6/8/2018,69.58605154
6/7/2018,66.85066803
6/6/2018,68.87103391
6/5/2018,77.52458576
6/4/2018,82.47209149
6/3/2018,96.70884032
6/2/2018,83.30421457
6/1/2018,76.83900792
5/31/2018,76.75189633
5/30/2018,80.48885382
5/29/2018,64.34158989
5/28/2018,74.64298258
5/27/2018,105.8403944
5/26/2018,94.68714037
5/25/2018,84.64473147
5/24/2018,66.71129723
5/23/2018,69.5946312
5/22/2018,75.45116512
5/21/2018,84.89373855
5/20/2018,97.85472937
5/19/2018,92.84853974
5/18/2018,74.29486193
5/17/2018,71.68919885
5/16/2018,90.81812964
5/15/2018,74.97561826
5/14/2018,69.5332531
5/13/2018,102.9626222
5/12/2018,98.66365239
5/11/2018,64.46466067
5/10/2018,85.00855292
5/9/2018,89.22123143
5/8/2018,75.07090642
5/7/2018,87.08875006
5/6/2018,98.0362374
5/5/2018,98.88659051
5/4/2018,78.21007804
5/3/2018,79.05190227
5/2/2018,77.70324273
5/1/2018,91.0766818
4/30/2018,85.33023381
4/29/2018,103.7668795
4/28/2018,75.18169588
4/27/2018,79.87722047
4/26/2018,78.17805679
4/25/2018,68.75640291
4/24/2018,74.99493096
4/23/2018,76.63378659
4/22/2018,103.969525
4/21/2018,92.4201547
4/20/2018,74.20076462
4/19/2018,87.08647289
4/18/2018,81.20984492
4/17/2018,80.24270344
4/16/2018,73.34898223
4/15/2018,98.08840039
4/14/2018,86.2160725
4/13/2018,76.26670998
4/12/2018,68.04559597
4/11/2018,76.92694432
4/10/2018,75.47975089
4/9/2018,72.89493852
4/8/2018,103.0102612
4/7/2018,102.0149688
4/6/2018,66.9350285
4/5/2018,74.12716669
4/4/2018,68.06837261
4/3/2018,76.73672813
4/2/2018,82.47463115
4/1/2018,102.7334705
3/31/2018,76.86849263
3/30/2018,75.90864138
3/29/2018,71.83802812
3/28/2018,76.44063941
3/27/2018,81.15599839
3/26/2018,83.00034347
3/25/2018,109.0836262
3/24/2018,108.7306672
3/23/2018,81.58218416
3/22/2018,86.23872578
3/21/2018,88.6768927
3/20/2018,74.54491846
3/19/2018,85.85011763
3/18/2018,95.07577061
3/17/2018,97.47958697
3/16/2018,87.88967921
3/15/2018,74.45177074
3/14/2018,78.38429623
3/13/2018,95.82831818
3/12/2018,99.72611703
3/11/2018,126.2912157
3/10/2018,105.8689166
3/9/2018,85.29951266
3/8/2018,98.91925509
3/7/2018,98.7948563
3/6/2018,103.8223177
3/5/2018,109.7760038
3/4/2018,132.2694401
3/3/2018,146.3962386
3/2/2018,112.8979188
3/1/2018,95.63405899
2/28/2018,108.994016
2/27/2018,100.4982862
2/26/2018,96.08366455
2/25/2018,145.8441828
2/24/2018,119.7768335
2/23/2018,104.437936
2/22/2018,102.9827894
2/21/2018,110.521018
2/20/2018,105.354393
2/19/2018,123.10248
2/18/2018,136.2892293
2/17/2018,117.0985784
2/16/2018,109.0058176
2/15/2018,85.66287851
2/14/2018,105.6562059
2/13/2018,99.54422387
2/12/2018,101.1142028
2/11/2018,109.5455436
2/10/2018,85.87463218
2/9/2018,85.22387785
2/8/2018,81.33182273
2/7/2018,71.48027201
2/6/2018,72.07311859
2/5/2018,88.33321163
2/4/2018,112.9996774
2/3/2018,98.82475748
2/2/2018,86.25779277
2/1/2018,78.04964662
1/31/2018,80.52914833
1/30/2018,101.6444336
1/29/2018,96.38235165
1/28/2018,117.4302623
1/27/2018,123.6651628
1/26/2018,106.8142298
1/25/2018,104.0885881
1/24/2018,108.7892144
1/23/2018,103.1137992
1/22/2018,103.1482879
1/21/2018,147.8570565
1/20/2018,142.872218
1/19/2018,119.7476283
1/18/2018,104.6636228
1/17/2018,97.25921641
1/16/2018,95.48833801
1/15/2018,120.7457228
1/14/2018,143.1483801
1/13/2018,130.462565
1/12/2018,129.1994837
1/11/2018,122.3587554
1/10/2018,121.7157802
1/9/2018,115.4039631
1/8/2018,122.3105476
1/7/2018,122.6117109
1/6/2018,129.7594517
1/5/2018,124.7243621
1/4/2018,102.9338557
1/3/2018,102.4621441
1/2/2018,122.6356244
1/1/2018,138.227164
12/31/2017,118.8783095
12/30/2017,100.383794
12/29/2017,117.8536173
12/28/2017,123.9347385
12/27/2017,138.5829758
12/26/2017,161.6860707
12/25/2017,144.9783238
12/24/2017,138.7876797
12/23/2017,139.6984177
12/22/2017,125.7104915
12/21/2017,132.9198159
12/20/2017,113.0345086
12/19/2017,116.8150508
12/18/2017,137.6606911
12/17/2017,140.1753585
12/16/2017,135.0229272
12/15/2017,118.5098793
12/14/2017,100.523565
12/13/2017,116.0154018
12/12/2017,115.2422281
12/11/2017,119.1971521
12/10/2017,107.8226037
12/9/2017,102.9328041
12/8/2017,107.7200935
12/7/2017,91.37089501
12/6/2017,79.58672415
12/5/2017,71.57584742
12/4/2017,70.25458063
12/3/2017,76.63657035
12/2/2017,74.72855934
12/1/2017,62.62036137
11/30/2017,62.2520954
11/29/2017,60.88564184
11/28/2017,59.24881902
11/27/2017,60.51264508
11/26/2017,59.24361809
11/25/2017,53.87595121
11/24/2017,56.56647633
11/23/2017,51.5585427
11/22/2017,55.41500409
11/21/2017,53.70716522
11/20/2017,61.79390914
11/19/2017,66.41975331
11/18/2017,57.42898405
11/17/2017,63.20248955
11/16/2017,57.92070564
11/15/2017,56.80510939
11/14/2017,54.03781489
11/13/2017,51.63665152
11/12/2017,48.6776885
11/11/2017,43.05642072
11/10/2017,46.7830926
11/9/2017,47.69137156
11/8/2017,51.83312988
11/7/2017,47.42207523
11/6/2017,49.06880974
11/5/2017,57.4433436
11/4/2017,47.39323019
11/3/2017,45.61546085
11/2/2017,44.55552986
11/1/2017,41.51501654
10/31/2017,45.04623842
10/30/2017,40.58820228
10/29/2017,39.06240127
10/28/2017,34.52466176
10/27/2017,34.31949646
10/26/2017,51.94342374
10/25/2017,44.11948987
10/24/2017,36.26930455
10/23/2017,43.24106196
10/22/2017,50.29251259
10/21/2017,40.10793146
10/20/2017,44.45217806
10/19/2017,38.77164965
10/18/2017,34.9973671
10/17/2017,37.83035796
10/16/2017,42.97888989
10/15/2017,51.80098697
10/14/2017,38.62334369
10/13/2017,35.58489028
10/12/2017,37.90742559
10/11/2017,30.92313458
10/10/2017,34.19465984
10/9/2017,34.78479811
10/8/2017,44.68416283
10/7/2017,39.42701337
10/6/2017,32.72649413
10/5/2017,26.83644075
10/4/2017,32.87815054
10/3/2017,37.13090282
10/2/2017,30.65075082
10/1/2017,37.34457211
9/30/2017,37.23138467
9/29/2017,36.32797009
9/28/2017,35.73450203
9/27/2017,32.2733117
9/26/2017,27.93474707
9/25/2017,29.74920225
9/24/2017,37.89792486
9/23/2017,39.58632886
9/22/2017,29.63928406
9/21/2017,33.48963022
9/20/2017,26.96737855
9/19/2017,29.60105036
9/18/2017,32.9374281
9/17/2017,42.59469181
9/16/2017,36.80932363
9/15/2017,29.24031187
9/14/2017,31.76561855
9/13/2017,37.74026262
9/12/2017,41.14656429
9/11/2017,38.88261992
9/10/2017,41.86187274
9/9/2017,45.33099777
9/8/2017,39.28324391
9/7/2017,44.61473841
9/6/2017,38.61000887
9/5/2017,43.10314092
9/4/2017,40.53881446
9/3/2017,51.50954206
9/2/2017,46.57117906
9/1/2017,44.28724844
8/31/2017,41.45217104
8/30/2017,41.96150714
8/29/2017,38.09870984
8/28/2017,39.06855626
8/27/2017,38.10154818
8/26/2017,33.45809771
8/25/2017,35.38574
8/24/2017,33.847392
8/23/2017,33.44718536
8/22/2017,30.08731757
8/21/2017,29.54474925
8/20/2017,36.16574742
8/19/2017,34.07811145
8/18/2017,29.86722715
8/17/2017,32.43956727
8/16/2017,31.29502626
8/15/2017,30.47374665
8/14/2017,31.43433002
8/13/2017,31.95824644
8/12/2017,27.55040382
8/11/2017,26.027902
8/10/2017,24.79958132
8/9/2017,24.52061362
8/8/2017,27.71508959
8/7/2017,27.83677164
8/6/2017,29.74451123
8/5/2017,31.21958226
8/4/2017,28.65381876
8/3/2017,23.83559739
8/2/2017,26.12955137
8/1/2017,39.84069042
7/31/2017,23.93374216
7/30/2017,29.46023902
7/29/2017,27.32347138
7/28/2017,23.08543479
7/27/2017,24.56815375
7/26/2017,21.03239897
7/25/2017,22.10300926
7/24/2017,27.4178394
7/23/2017,34.25740878
7/22/2017,26.96215023
7/21/2017,21.72929349
7/20/2017,28.38112053
7/19/2017,18.77662366
7/18/2017,20.36328288
7/17/2017,19.35525048
7/16/2017,21.08147031
7/15/2017,18.2450928
7/14/2017,18.77400931
7/13/2017,20.91748689
7/12/2017,22.59076711
7/11/2017,21.13476407
7/10/2017,26.21013872
7/9/2017,25.37570975
7/8/2017,26.16151762
7/7/2017,21.85918035
7/6/2017,23.38033525
7/5/2017,23.07813981
7/4/2017,22.40003229
7/3/2017,24.35583469
7/2/2017,24.35583469
7/1/2017,25.59560941
6/30/2017,21.1490258
6/29/2017,20.27788388
6/28/2017,21.13276007
6/27/2017,19.44038486
6/26/2017,20.00147999
6/25/2017,25.28144661
6/24/2017,24.30640245
6/23/2017,24.38868186
6/22/2017,21.94233591
6/21/2017,21.09266247
6/20/2017,21.60609954
6/19/2017,21.64545121
6/18/2017,25.03683236
6/17/2017,23.93600562
6/16/2017,20.05189107
6/15/2017,19.56296739
6/14/2017,18.75615448
6/13/2017,20.84242232
6/12/2017,22.19549847
6/11/2017,28.98312431
6/10/2017,24.28588306
6/9/2017,23.47752597
6/8/2017,23.20244107
6/7/2017,22.72310696
6/6/2017,23.25565152
6/5/2017,23.50368831
6/4/2017,23.38374217
6/3/2017,24.36791957
6/2/2017,20.67573528
6/1/2017,20.1850442
5/31/2017,18.62398445
5/30/2017,18.18520836
5/29/2017,16.67685935
5/28/2017,17.67793355
5/27/2017,15.9517178
5/26/2017,17.31387883
5/25/2017,17.29396973
5/24/2017,16.84718405
5/23/2017,15.38920235
5/22/2017,14.23012173
5/21/2017,13.74759876
5/20/2017,13.84997255
5/19/2017,15.30413481
5/18/2017,14.24470856
5/17/2017,13.71814648
5/16/2017,14.81599473
5/15/2017,12.83492853
5/14/2017,11.58930372
5/13/2017,12.24916757
5/12/2017,12.16879616
5/11/2017,12.2260379
5/10/2017,12.19033687
5/9/2017,11.58520894
5/8/2017,11.53690093
5/7/2017,11.49205505
5/6/2017,10.30140883
5/5/2017,11.08833045
5/4/2017,10.23463428
5/3/2017,9.691347142
5/2/2017,9.763804489
5/1/2017,10.10888755
4/30/2017,10.03044569
4/29/2017,9.531669862
4/28/2017,8.5026213
4/27/2017,9.457037685
4/26/2017,8.405304287
4/25/2017,8.342193256
4/24/2017,9.857036836
4/23/2017,11.60701771
4/22/2017,9.994905943
4/21/2017,9.356384251
4/20/2017,9.008134759
4/19/2017,8.162534869
4/18/2017,8.553550691
4/17/2017,9.385162822
4/16/2017,11.36674565
4/15/2017,9.206351772
4/14/2017,8.06230794
4/13/2017,9.381428808
4/12/2017,8.798438695
4/11/2017,9.217683956
4/10/2017,9.032715181
4/9/2017,11.02086775
4/8/2017,9.921638827
4/7/2017,9.093102252
4/6/2017,8.513648876
4/5/2017,8.176809835
4/4/2017,7.852275705
4/3/2017,9.592874472
4/2/2017,9.662167658
4/1/2017,7.844659186
3/31/2017,7.937702897
3/30/2017,8.196196962
3/29/2017,7.09224807
3/28/2017,7.714896109
3/27/2017,7.937829247
3/26/2017,9.555105035
3/25/2017,7.27084078
3/24/2017,8.308425859
3/23/2017,7.486146964
3/22/2017,7.258529606
3/21/2017,7.660182752
3/20/2017,7.301247534
3/19/2017,8.646338325
3/18/2017,8.685396764
3/17/2017,8.086693175
3/16/2017,7.839233664
3/15/2017,8.601918964
3/14/2017,8.859680324
3/13/2017,9.191656141
3/12/2017,11.62289184
3/11/2017,8.691791389
3/10/2017,7.830872005
3/9/2017,8.073767027
3/8/2017,7.837963208
3/7/2017,8.233883327
3/6/2017,9.1303419
3/5/2017,9.321257542
3/4/2017,8.940378975
3/3/2017,8.127873249
3/2/2017,8.464188956
3/1/2017,7.895846253
2/28/2017,7.832758262
2/27/2017,8.371293955
2/26/2017,10.63598312
2/25/2017,8.422135269
2/24/2017,7.759859252
2/23/2017,7.574145673
2/22/2017,7.562831953
2/21/2017,7.655678424
2/20/2017,7.785779366
2/19/2017,7.577225749
2/18/2017,7.55219851
2/17/2017,6.798953851
2/16/2017,7.425734198
2/15/2017,6.437087987
2/14/2017,7.243579505
2/13/2017,7.499876742
2/12/2017,7.804461051
2/11/2017,7.074184272
2/10/2017,6.38121454
2/9/2017,6.453375623
2/8/2017,6.736885784
2/7/2017,6.631318054
2/6/2017,7.634201121
2/5/2017,7.361964003
2/4/2017,6.936476559
2/3/2017,6.339554222
2/2/2017,8.16914874
2/1/2017,7.0791516
1/31/2017,6.134596708
1/30/2017,7.186363262
1/29/2017,8.344249086
1/28/2017,7.540334482
1/27/2017,7.802710073
1/26/2017,5.943705467
1/25/2017,5.86501738
1/24/2017,6.410079393
1/23/2017,7.149514269
1/22/2017,8.766332525
1/21/2017,8.264417972
1/20/2017,7.518142923
1/19/2017,6.84769147
1/18/2017,5.85
1/17/2017,6.317903347
1/16/2017,6.87
1/15/2017,7.54
1/14/2017,7.754601029
1/13/2017,5.97
1/12/2017,6.12
1/11/2017,5.612592289
1/10/2017,5.96
1/9/2017,6
1/8/2017,7.654566827
1/7/2017,5.84
1/6/2017,5.47
1/5/2017,6.913397894
1/4/2017,7.3
1/3/2017,7.41
1/2/2017,7.350605502
1/1/2017,11.21
12/31/2016,7.43
12/30/2016,6.888006338
12/29/2016,6.29
12/28/2016,6.89
12/27/2016,6.457479207
12/26/2016,6.87
12/25/2016,9.63
12/24/2016,6.732515009
12/23/2016,5.92
12/22/2016,5.72
12/21/2016,5.309126288
12/20/2016,4.89
12/19/2016,5.56
12/18/2016,6.480446816
12/17/2016,6.26
12/16/2016,4.93
12/15/2016,4.641172303
12/14/2016,4.95
12/13/2016,6.2
12/12/2016,5.89086973
12/11/2016,5.9
12/10/2016,5.36
12/9/2016,5.112500847
12/8/2016,5.59
12/7/2016,5.64
12/6/2016,4.709102487
12/5/2016,5.45
12/4/2016,6.05
12/3/2016,5.995391038
12/2/2016,4.67
12/1/2016,6.05
11/30/2016,4.782099955
11/29/2016,4.94
11/28/2016,5.29
11/27/2016,5.784899422
11/26/2016,5.31
11/25/2016,4.78
11/24/2016,4.835504836
11/23/2016,5.2
11/22/2016,4.65
11/21/2016,4.701000949
11/20/2016,4.99
11/19/2016,5.57
11/18/2016,5.246899408
11/17/2016,5.51
11/16/2016,5.66
11/15/2016,5.159714068
11/14/2016,5.82
11/13/2016,5.88
11/12/2016,6.769118707
11/11/2016,5.93
11/10/2016,5.74
11/9/2016,5.205846618
11/8/2016,5.29
11/7/2016,4.92
11/6/2016,6.193953269
11/5/2016,5.67
11/4/2016,4.37
11/3/2016,5.388725266
11/2/2016,4.8
11/1/2016,5.59
10/31/2016,5.505720295
10/30/2016,7.31
10/29/2016,6.03
10/28/2016,5.444807456
10/27/2016,4.48
10/26/2016,5.55
10/25/2016,5.0569612
10/24/2016,5.39
10/23/2016,6.42
10/22/2016,5.695069107
10/21/2016,5.09
10/20/2016,4.12
10/19/2016,5.151524484
10/18/2016,5.11
10/17/2016,4.4
10/16/2016,5.377308524
10/15/2016,5.58
10/14/2016,4.72
10/13/2016,4.630293198
10/12/2016,5.08
10/11/2016,4.42
10/10/2016,4.461339772
10/9/2016,6.01
10/8/2016,5.39
10/7/2016,4.280612743
10/6/2016,4.67
10/5/2016,4.96
10/4/2016,4.703233756
10/3/2016,4.64
10/2/2016,5.74
10/1/2016,5.841597034
9/30/2016,4.48
9/29/2016,4.63
9/28/2016,4.951318246
9/27/2016,5.4
9/26/2016,5.2
9/25/2016,7.293403139
9/24/2016,6.15
9/23/2016,4.76
9/22/2016,4.832746053
9/21/2016,5.34
9/20/2016,4.87
9/19/2016,4.698900267
9/18/2016,5.97
9/17/2016,5.91
9/16/2016,5.177048052
9/15/2016,5.2
9/14/2016,5.32
9/13/2016,5.379328247
9/12/2016,6.13
9/11/2016,7.09
9/10/2016,6.449258071
9/9/2016,5.22
9/8/2016,5.16
9/7/2016,4.860677003
9/6/2016,4.65
9/5/2016,4.87
9/4/2016,7.532826528
9/3/2016,5.43
9/2/2016,5.05
9/1/2016,4.359867669
8/31/2016,4.44
8/30/2016,4.84
8/29/2016,5.047015298
8/28/2016,6.41
8/27/2016,5.51
8/26/2016,4.461863687
8/25/2016,4.16
8/24/2016,4.82
8/23/2016,4.551673793
8/22/2016,5.25
8/21/2016,6.55
8/20/2016,5.540975669
8/19/2016,4.67
8/18/2016,4.78
8/17/2016,3.869736283
8/16/2016,4
8/15/2016,5.27
8/14/2016,6.038868994
8/13/2016,5.67
8/12/2016,4.85
8/11/2016,4.549926098
8/10/2016,4.73
8/9/2016,4.23
8/8/2016,4.884788831
8/7/2016,5.9
8/6/2016,6.43
8/5/2016,5.444855698
8/4/2016,4.92
8/3/2016,4.99
8/2/2016,4.750374248
8/1/2016,5.33
7/31/2016,6.48
7/30/2016,5.194711688
7/29/2016,5.43
7/28/2016,4.94
7/27/2016,4.739052878
7/26/2016,4.63
7/25/2016,4.67
7/24/2016,5.737009397
7/23/2016,5.67
7/22/2016,4.91
7/21/2016,5.288770148
7/20/2016,5.68
7/19/2016,5.05
7/18/2016,5.877122662
7/17/2016,7.59
7/16/2016,7.32
7/15/2016,5.413246404
7/14/2016,5.49
7/13/2016,5.06
7/12/2016,5.515279065
7/11/2016,5.49
7/10/2016,7.94
7/9/2016,11.5096841
7/8/2016,11.56
7/7/2016,10.28
7/6/2016,11.16328151
7/5/2016,11.43
7/4/2016,12.12
7/3/2016,15.1511056
7/2/2016,13.38
7/1/2016,12.77
6/30/2016,10.7518871
6/29/2016,10.6
6/28/2016,11.52
6/27/2016,11.02080744
6/26/2016,12.68
6/25/2016,13.27
6/24/2016,9.111915288
6/23/2016,9.27
6/22/2016,8.27
6/21/2016,10.28168733
6/20/2016,12.46
6/19/2016,15.75
6/18/2016,12.84928336
6/17/2016,11.17
6/16/2016,10.91
6/15/2016,10.27501871
6/14/2016,9.38
6/13/2016,11.37151935
6/12/2016,11.45698612
6/11/2016,11.09345186
6/10/2016,9.268670933
6/9/2016,10.17540293
6/8/2016,9.187107351
6/7/2016,8.727854104
6/6/2016,11.51805012
6/5/2016,13.01331768
6/4/2016,8.814599018
6/3/2016,8.651504177
6/2/2016,8.198105233
6/1/2016,8.415964206
5/31/2016,8.118371402
5/30/2016,9.150647553
5/29/2016,10.66768995
5/28/2016,8.797408525
5/27/2016,7.745604157
5/26/2016,7.157531951
5/25/2016,6.411994439
5/24/2016,6.74653752
5/23/2016,9.091051787
5/22/2016,11.20747224
5/21/2016,8.304234429
5/20/2016,7.958216361
5/19/2016,6.376599915
5/18/2016,7.529982603
5/17/2016,6.80103818
5/16/2016,6.823905815
5/15/2016,8.03913685
5/14/2016,7.867344993
5/13/2016,7.693770793
5/12/2016,7.010848135
5/11/2016,6.507173153
5/10/2016,7.41584264
5/9/2016,8.90033923
5/8/2016,10.13820345
5/7/2016,8.614623603
5/6/2016,8.091535496
5/5/2016,7.705952731
5/4/2016,8.236363359
5/3/2016,7.311298808
5/2/2016,7.875154353
5/1/2016,9.513916856
4/30/2016,7.651175947
4/29/2016,6.967219528
4/28/2016,6.199835721
4/27/2016,6.1110568
4/26/2016,7.675905918
4/25/2016,6.825763756
4/24/2016,8.360697878
4/23/2016,8.852392349
4/22/2016,8.122898259
4/21/2016,8.091531109
4/20/2016,8.505250737
4/19/2016,7.327723816
4/18/2016,7.190560973
4/17/2016,8.577430201
4/16/2016,8.253331536
4/15/2016,7.261979709
4/14/2016,7.67541812
4/13/2016,7.878865974
4/12/2016,6.826296836
4/11/2016,7.394752413
4/10/2016,9.787419938
4/9/2016,8.227603479
4/8/2016,6.99221411
4/7/2016,6.881086364
4/6/2016,7.54970245
4/5/2016,7.345996843
4/4/2016,8.715449159
4/3/2016,8.798012302
4/2/2016,8.091361956
4/1/2016,7.562762604
3/31/2016,6.322653606
3/30/2016,7.988926727
3/29/2016,8.379208316
3/28/2016,8.379880419
3/27/2016,10.19651487
3/26/2016,10.19009422
3/25/2016,8.774530813
3/24/2016,8.144216786
3/23/2016,8.580950295
3/22/2016,7.435287522
3/21/2016,6.915689644
3/20/2016,8.598161209
3/19/2016,7.329538713
3/18/2016,7.013400466
3/17/2016,7.264439428
3/16/2016,8.278465456
3/15/2016,8.061558806
3/14/2016,8.317347279
3/13/2016,8.432356391
3/12/2016,9.656607047
3/11/2016,8.948277414
3/10/2016,8.786040257
3/9/2016,9.196733343
3/8/2016,8.024932739
3/7/2016,8.796343159
3/6/2016,8.382910325
3/5/2016,6.5763179
3/4/2016,7.563652548
3/3/2016,6.470446946
3/2/2016,6.410271078
3/1/2016,5.393838707
2/29/2016,5.627599466
2/28/2016,6.552574145
2/27/2016,7.845589646
2/26/2016,7.668770821
2/25/2016,7.760128281
2/24/2016,5.862188155
2/23/2016,5.78880111
2/22/2016,5.941713796
2/21/2016,6.625687131
2/20/2016,7.790337523
2/19/2016,7.098776174
2/18/2016,8.943960426
2/17/2016,6.515014138
2/16/2016,6.529519523
2/15/2016,7.260826338
2/14/2016,9.656591805
2/13/2016,9.066555485
2/12/2016,7.546255113
2/11/2016,8.023181792
2/10/2016,6.731750038
2/9/2016,6.888794449
2/8/2016,6.926160347
2/7/2016,8.161271329
2/6/2016,7.720379116
2/5/2016,8.128623454
2/4/2016,8.264146525
2/3/2016,8.097153938
2/2/2016,6.692110966
2/1/2016,6.940895729
1/31/2016,10.07045907
1/30/2016,8.048119476
1/29/2016,7.45400658
1/28/2016,6.19626362
1/27/2016,6.790077302
1/26/2016,7.137961115
1/25/2016,8.030676426
1/24/2016,8.754821203
1/23/2016,9.380019155
1/22/2016,7.121869831
1/21/2016,6.58652968
1/20/2016,7.483610835
1/19/2016,6.929569106
1/18/2016,7.947500818
1/17/2016,7.287064528
1/16/2016,6.831829575
1/15/2016,6.579715297
1/14/2016,7.874763148
1/13/2016,8.650670205
1/12/2016,10.07083659
1/11/2016,10.50388268
1/10/2016,11.59177543
1/9/2016,10.10461502
1/8/2016,11.04584048
1/7/2016,9.269434597
1/6/2016,8.324820541
1/5/2016,9.746706497
1/4/2016,11.20564592
1/3/2016,11.37520019
1/2/2016,11.0204705
1/1/2016,11.86937722
12/31/2015,9.487584261
12/30/2015,10.37117258
12/29/2015,8.832817365
12/28/2015,10.30490179
12/27/2015,14.23928518
12/26/2015,11.44126071
12/25/2015,8.352156156
12/24/2015,7.904840108
12/23/2015,8.305833548
12/22/2015,6.961846188
12/21/2015,7.24819179
12/20/2015,9.672483219
12/19/2015,8.311525555
12/18/2015,9.437265267
12/17/2015,8.283245355
12/16/2015,8.656451326
12/15/2015,9.591720455
12/14/2015,8.93014596
12/13/2015,8.858253891
12/12/2015,8.894416515
12/11/2015,9.28558064
12/10/2015,9.700468191
12/9/2015,8.265536685
12/8/2015,8.2391965
12/7/2015,8.105868302
12/6/2015,9.00028906
12/5/2015,9.394267342
12/4/2015,7.984052184
12/3/2015,8.439668708
12/2/2015,7.546336411
12/1/2015,9.415382747
11/30/2015,8.853200597
11/29/2015,10.9841469
11/28/2015,7.584822088
11/27/2015,7.672885735
11/26/2015,8.617082499
11/25/2015,8.260200836
11/24/2015,8.458445344
11/23/2015,9.15270186
11/22/2015,11.13449923
11/21/2015,9.461054638
11/20/2015,8.267237378
11/19/2015,7.503348193
11/18/2015,8.431775187
11/17/2015,8.599678049
11/16/2015,9.654310927
11/15/2015,9.726027369
11/14/2015,8.134543299
11/13/2015,8.88967437
11/12/2015,8.938367689
11/11/2015,8.066210366
11/10/2015,8.268487697
11/9/2015,9.630178095
11/8/2015,9.974709649
11/7/2015,9.833427767
11/6/2015,8.276017529
11/5/2015,7.943969661
11/4/2015,8.11701844
11/3/2015,9.221020747
11/2/2015,7.79940591
11/1/2015,7.958116286
10/31/2015,8.25265637
10/30/2015,8.249060859
10/29/2015,6.995289756
10/28/2015,6.828410636
10/27/2015,8.283551187
10/26/2015,8.647454003
10/25/2015,9.724540022
10/24/2015,6.962370142
10/23/2015,7.357808948
10/22/2015,7.216281287
10/21/2015,6.107895374
10/20/2015,6.260422943
10/19/2015,8.315222262
10/18/2015,7.812963312
10/17/2015,7.812963312
10/16/2015,6.922985129
10/15/2015,7.113553324
10/14/2015,6.64901875
10/13/2015,6.377275971
10/12/2015,6.297483496
10/11/2015,6.845489849
10/10/2015,8.06233971
10/9/2015,7.166279214
10/8/2015,6.85851067
10/7/2015,6.324675175
10/6/2015,5.978491714
10/5/2015,6.494872775
10/4/2015,9.280871266
10/3/2015,9.005827103
10/2/2015,6.88279711
10/1/2015,6.828836906
9/30/2015,6.821970195
9/29/2015,6.569198166
9/28/2015,6.943964167
9/27/2015,6.389502235
9/26/2015,7.858926307
9/25/2015,8.12308737
9/24/2015,6.83774575
9/23/2015,6.435206055
9/22/2015,6.856798869
9/21/2015,6.04441079
9/20/2015,6.562676409
9/19/2015,6.503734666
9/18/2015,4.485858546
9/17/2015,3.44291598
9/16/2015,5.071006274
9/15/2015,5.686504853
9/14/2015,5.654428824
9/13/2015,6.178353904
9/12/2015,5.263464484
9/11/2015,6.318760527
9/10/2015,9.514170964
9/9/2015,6.628290377
9/8/2015,6.717968616
9/7/2015,7.471127371
9/6/2015,9.046467046
9/5/2015,6.500823637
9/4/2015,8.935631292
9/3/2015,6.305731851
9/2/2015,6.521332627
9/1/2015,7.155002766
8/31/2015,7.829469848
8/30/2015,8.871125539
8/29/2015,9.756751786
8/28/2015,7.214141686
8/27/2015,7.354307081
8/26/2015,7.980910274
8/25/2015,6.169194787
8/24/2015,7.195706595
8/23/2015,8.23347428
8/22/2015,8.066940767
8/21/2015,7.778233099
8/20/2015,7.417964764
8/19/2015,7.260881625
8/18/2015,7.714673981
8/17/2015,9.136632875
8/16/2015,10.98179446
8/15/2015,10.98179446
8/14/2015,8.904782802
8/13/2015,8.342355442
8/12/2015,8.428436824
8/11/2015,10.49653314
8/10/2015,9.665577773
8/9/2015,10.49972056
8/8/2015,12.08243489
8/7/2015,10.20423022
8/6/2015,8.021441143
8/5/2015,7.688289648
8/4/2015,6.910653379
8/3/2015,7.803630226
8/2/2015,11.74524358
8/1/2015,11.19629122
7/31/2015,7.113695113
7/30/2015,8.205867624
7/29/2015,7.439733427
7/28/2015,8.029761739
7/27/2015,9.930040655
7/26/2015,10.20224142
7/25/2015,11.31168734
7/24/2015,10.97071462
7/23/2015,11.04456815
7/22/2015,9.299677726
7/21/2015,7.137171533
7/20/2015,7.977872202
7/19/2015,8.993212736
7/18/2015,8.108264313
7/17/2015,9.323358399
7/16/2015,8.53411968
7/15/2015,9.752120319
7/14/2015,9.222691679
7/13/2015,8.570289206
7/12/2015,4.630629832
7/11/2015,5.280167929
7/10/2015,6.259778505
7/9/2015,4.828591548
7/8/2015,5.049169133
7/7/2015,5.247739747
7/6/2015,7.31037353
7/5/2015,7.70886069
7/4/2015,9.703301021
7/3/2015,8.50199516
7/2/2015,7.488833738
7/1/2015,6.624519684
6/30/2015,6.112053928
6/29/2015,6.346402824
6/28/2015,7.458905899
6/27/2015,7.791192362
6/26/2015,7.342522686
6/25/2015,7.754621411
6/24/2015,9.008072972
6/23/2015,7.969409195
6/22/2015,6.812222835
6/21/2015,8.161126008
6/20/2015,8.143214697
6/19/2015,7.170630168
6/18/2015,8.128235807
6/17/2015,7.872716207
6/16/2015,6.679454792
6/15/2015,6.809417974
6/14/2015,7.286461944
6/13/2015,8.403593601
6/12/2015,6.780549499
6/11/2015,6.287466526
6/10/2015,7.123598648
6/9/2015,7.274264634
6/8/2015,8.090999974
6/7/2015,8.583004562
6/6/2015,12.21993462
6/5/2015,8.891128866
6/4/2015,7.286407475
6/3/2015,6.341961718
6/2/2015,6.436864967
6/1/2015,6.179544906
5/31/2015,9.041354074
5/30/2015,8.907312807
5/29/2015,5.422078295
5/28/2015,7.188589512
5/27/2015,7.142692875
5/26/2015,7.881823541
5/25/2015,8.242121717
5/24/2015,8.073188241
5/23/2015,9.665291831
5/22/2015,8.224533714
5/21/2015,8.523451402
5/20/2015,9.063484124
5/19/2015,7.304456793
5/18/2015,7.440321869
5/17/2015,8.304667824
5/16/2015,8.96633895
5/15/2015,8.172987799
5/14/2015,9.117962218
5/13/2015,9.692963676
5/12/2015,9.083982875
5/11/2015,8.37087202
5/10/2015,9.767748812
5/9/2015,8.61143314
5/8/2015,7.726907422
5/7/2015,7.553248172
5/6/2015,8.336744754
5/5/2015,7.460367678
5/4/2015,7.86616705
5/3/2015,8.313123778
5/2/2015,9.677762126
5/1/2015,9.697285095
4/30/2015,8.18500038
4/29/2015,6.886730341
4/28/2015,7.935935816
4/27/2015,7.80262554
4/26/2015,7.051199923
4/25/2015,10.46624057
4/24/2015,8.956656414
4/23/2015,6.299154186
4/22/2015,8.455819175
4/21/2015,7.498772095
4/20/2015,7.868562261
4/19/2015,10.23712339
4/18/2015,8.922834799
4/17/2015,7.385296764
4/16/2015,8.313401662
4/15/2015,7.645688669
4/14/2015,6.415512844
4/13/2015,8.431909379
4/12/2015,7.598683536
4/11/2015,9.093859862
4/10/2015,8.903260711
4/9/2015,7.394151072
4/8/2015,7.466544279
4/7/2015,9.558633902
4/6/2015,9.121184048
4/5/2015,8.174702077
4/4/2015,11.92662171
4/3/2015,10.4174213
4/2/2015,9.289550019
4/1/2015,7.060396687
3/31/2015,6.840616162
3/30/2015,8.626112409
3/29/2015,11.52657398
3/28/2015,10.56779809
3/27/2015,10.50734834
3/26/2015,10.48596073
3/25/2015,9.575603663
3/24/2015,10.89382732
3/23/2015,9.905560135
3/22/2015,9.551294931
3/21/2015,10.30805398
3/20/2015,8.807551788
3/19/2015,8.922129009
3/18/2015,9.138266448
3/17/2015,10.49437025
3/16/2015,9.882334465
3/15/2015,9.782852936
3/14/2015,11.03540099
3/13/2015,10.7569012
3/12/2015,10.43786118
3/11/2015,11.63339356
3/10/2015,11.87634022
3/9/2015,9.922663356
3/8/2015,12.4502854
3/7/2015,12.38533285
3/6/2015,10.35203713
3/5/2015,8.715453444
3/4/2015,7.874510356
3/3/2015,10.58410431
3/2/2015,10.2029402
3/1/2015,9.651804148
2/28/2015,10.79491759
2/27/2015,9.144859654
2/26/2015,9.737956381
2/25/2015,8.469086711
2/24/2015,7.628651995
2/23/2015,7.961731905
2/22/2015,8.408799827
2/21/2015,10.18698421
2/20/2015,9.195559158
2/19/2015,10.48444592
2/18/2015,9.999054999
2/17/2015,9.075365119
2/16/2015,9.597265898
2/15/2015,11.93619742
2/14/2015,9.613243161
2/13/2015,9.264118257
2/12/2015,7.683834479
2/11/2015,8.065643137
2/10/2015,8.465672688
2/9/2015,9.000347867
2/8/2015,8.938830795
2/7/2015,8.676175105
2/6/2015,11.91961691
2/5/2015,11.58894319
2/4/2015,8.902154774
2/3/2015,9.248312384
2/2/2015,8.570101071
2/1/2015,9.87866154
1/31/2015,11.41615961
1/30/2015,10.65929538
1/29/2015,9.288599583
1/28/2015,16.13671691
1/27/2015,11.06015993
1/26/2015,9.772475791
1/25/2015,8.98664656
1/24/2015,9.487382161
1/23/2015,8.289319201
1/22/2015,8.619694454
1/21/2015,9.266950589
1/20/2015,7.380052069
1/19/2015,8.211526386
1/18/2015,8.780363671
1/17/2015,9.066132779
1/16/2015,7.455666494
1/15/2015,6.824926686
1/14/2015,6.576057848
1/13/2015,8.565344769
1/12/2015,6.149144313
1/11/2015,11.36263177
1/10/2015,10.99939219
1/9/2015,9.293356627
1/8/2015,10.03952819
1/7/2015,11.47419243
1/6/2015,11.06163251
1/5/2015,12.50300138
1/4/2015,16.28993853
1/3/2015,13.2029695
1/2/2015,15.00481251
1/1/2015,22.13829364
,
,
,
,
,
,
,
,
,
,
,
,
,
,
,
,
,
,
,
,
,
,
,
,
,
,
,
,
,
,
,
,
,
,
,
,
,
,
,
,
,
,
,
,
,
,
,
,
,
,
,
,
,
,
,
,
,
,
,
,
,
,
,
,
,
,
,
,
,
,
,
,
,
,
,
,
,
,
,
,
,
,
,
,
,
,
,
,
,
,
,
,
,
,
,
,
,
,
,
,
,
,
,
,
,
,
,
,
,
,
,
,
,
,
,
,
,
,
,
,
,
,
,
,
,
,
,
,
,
,
,
,
,
,
,
,
,
,
,
,
,
,
,
,
,
,
,
,
,
,
,
,
,
,
,
,
,
,
,
,
,
,
,
,
,
,
,
,
,
,
,
,
,
,
,
,
,
,
,
,
,
,
,
,
,
,
,
,
,
,
,
,
,
,
,
,
,
,
,
,
,
,
,
,
,
,
,
,
,
,
,
,
,
,
,
,
,
,
,
,
,
,
,
,
,
,
,
,
,
,
,
,
,
,
,
,
,
,
,
,
,
,
,
,
,
,
,
,
,
,
,
,
,
,
,
,
,
,
,
,
,
,
,
,
,
,
,
,
,
,
,
,
,
,
,
,
,
,
,
,
,
,
,
,
,
,
,
,
,
,
,
,
,
,
,
,
,
,
,
,
,
,
,
,
,
,
,
,
,
,
,
,
,
,
,
,
,
,
,
,
,
,
,
,
,
,
,
,
,
,
,
,
,
,
,
,
,
,
,
,
,
,
,
,
,
,
,
,
,
,
,
,
,
,
,
,
,
,
,
,
,
,
,
,
,
,
,
,
,
,
,
,
,
,
,
,
,
,
,
,
,
,
,
,
,
,
,
,
,
,
,
,
,
,
,
,
,
,
,
,
,
,
,
,
,
,
,
,
,
,
,
,
,
,
,
,
,
,
,
,
,
,
,
,
,
,
,
,
,
,
,
,
,
,
,
,
,
,
,
,
,
,
,
,
,
,
,
,
,
,
,
,
,
,
,
,
,
,
,
,
,
,
,
,
,
,
,
,
,
,
,
,
,
,
,
,
,
,
,
,
,
,
,
,
,
,
,
,
,
,
,
,
,
,
,
,
,
,
,
,
,
,
,
,
,
,
,
,
,
,
,
,
,
,
,
,
,
,
,
,
,
,
,
,
,
,
,
,
,
,
,
,
,
,
,
,
,
,
,
,
,
,
,
,
,
,
,
,
,
,
,
,
,
,
,
,
,
,
,
,
,
,
,
,
,
,
,
,
,
,
,
,
,
,
,
,
,
,
,
,
,
,
,
,
,
,
,
,
,
,
,
,
,
,
,
,
,
,
,
,
,
,
,
,
,
,
,
,
,
,
,
,
,
,
,
,
,
,
,
,
,
,
,
,
,
,
,
,
,
,
,
,
,
,
,
,
,
,
,
,
,
,
,
,
,
,
,
,
,
,
,
,
,
,
,
,
,
,
,
,
,
,
,
,
,
,
,
,
,
,
,
,
,
,
,
,
,
,
,
,
,
,
,
,
,
,
,
,
,
,
,
,
,
,
,
,
,
,
,
,
,
,
,
,
,
,
,
,
,
,
,
,
,
,
,
,
,
,
,
,
,
,
,
,
,
,
,
,
,
,
,
,
,
,
,
,
,
,
,
,
,
,
,
,
,
,
,
,
,
,
,
,
,
,
,
,
,
,
,
,
,
,
,
,
,
,
,
,
,
,
,
,
,
,
,
,
,
,
,
,
,
,
,
,
,
,
,
,
,
,
,
,
,
,
,
,
,
,
,
,
,
,
,
,
,
,
,
,
,
,
,
,
,
,
,
,
,
,
,
,
,
,
,
,
,
,
,
,
,
,
,
,
,
,
,
,
,
,
,
,
,
,
,
,
,
,
,
,
,
,
,
,
,
,
,
,
,
,
,
,
,
,
,
,
,
,
,
,
,
,
,
,
,
,
,
,
,
,
,
,
,
,
,
,
,
,
,
,
,
,
,
,
,
,
,
,
,
,
,
,
,
,
,
,
,
,
,
,
,
,
,
,
,
,
,
,
,
,
,
,
,
,
,
,
,
,
,
,
,
,
,
,
,
,
,
,
,
,
,
,
,
,
,
,
,
,
,
,
,
,
,
,
,
,
,
,
,
,
,
,
,
,
,
,
,
,
,
,
,
,
,
,
,
,
,
,
,
,
,
,
,
,
,
,
,
,
,
,
,
,
,
,
,
,
,
,
,
,
,
,
,
,
,
,
,
,
,
,
,
,
,
,
,
,
,
,
,
,
,
,
,
,
,
,
,
,
,
,
,
,
,
,
,
,
,
,
,
,
,
,
,
,
,
,
,
,
,
,
,
,
,
,
,
,
,
,
,
,
,
,
,
,
,
,
,
,
,
,
,
,
,
,
,
,
,
,
,
,
,
,
,
,
,
,
,
,
,
,
,
,
,
,
,
,
,
,
,
,
,
,
,
,
,
,
,
,
,
,
,
,
,
,
,
,
,
,
,
,
,
,
,
,
,
,
,
,
,
,
,
,
,
,
,
,
,
,
,
,
,
,
,
,
,
,
,
,
,
,
,
,
,
,
,
,
,
,
,
,
,
,
,
,
,
,
,
,
,
,
,
,
,
,
,
,
,
,
,
,
,
,
,
,
,
,
,
,
,
,
,
,
,
,
,
,
,
,
,
,
,
,
,
,
,
,
,
,
,
,
,
,
,
,
,
,
,
,
,
,
,
,
,
,
,
,
,
,
,
,
,
,
,
,
,
,
,
,
,
,
,
,
,
,
,
,
,
,
,
,
,
,
,
,
,
,
,
,
,
,
,
,
,
,
,
,
,
,
,
,
,
,
,
,
,
,
,
,
,
,
,
,
,
,
,
,
,
,
,
,
,
,
,
,
,
,
,
,
,
,
,
,
,
,
,
,
,
,
,
,
,
,
,
,
,
,
,
,
,
,
,
,
,
,
,
,
,
,
,
,
,
,
,
,
,
,
,
,
,
,
,
,
,
,
,
,
,
,
,
,
,
,
,
,
,
,
,
,
,
,
,
,
,
,
,
,
,
,
,
,
,
,
,
,
,
,
,
,
,
,
,
,
,
,
,
,
,
,
,
,
,
,
,
,
,
,
,
,
,
,
,
,
,
,
,
,
,
,
,
,
,
,
,
,
,
,
,
,
,
,
,
,
,
,
,
,
,
,
,
,
,
,
,
,
,
,
,
,
,
,
,
,
,
,
,
,
,
,
,
,
,
,
,
,
,
,
,
,
,
,
,
,
,
,
,
,
,
,
,
,
,
,
,
,
,
,
,
,
,
,
,
,
,
,
,
,
,
,
,
,
,
,
,
,
,
,
,
,
,
,
,
,
,
,
,
,
,
,
,
,
,
,
,
,
,
,
,
,
,
,
,
,
,
,
,
,
,
,
,
,
,
,
,
,
,
,
,
,
,
,
,
,
,
,
,
,
,
,
,
,
,
,
,
,
,
,
,
,
,
,
,
,
,
,
,
,
,
,
,
,
,
,
,
,
,
,
,
,
,
,
,
,
,
,
,
,
,
,
,
,
,
,
,
,
,
,
,
,
,
,
,
,
,
,
,
,
,
,
,
,
,
,
,
,
,
,
,
,
,
,
,
,
,
,
,
,
,
,
,
,
,
,
,
,
,
,
,
,
,
,
,
,
,
,
,
,
,
,
,
,
,
,
,
,
,
,
,
,
,
,
,
,
,
,
,
,
,
,
,
,
,
,
,
,
,
,
,
,
,
,
,
,
,
,
,
,
,
,
,
,
,
,
,
,
,
,
,
,
,
,
,
,
,
,
,
,
,
,
,
,
,
,
,
,
,
,
,
,
,
,
,
,
,
,
,
,
,
,
,
,
,
,
,
,
,
,
,
,
,
,
,
,
,
,
,
,
,
,
,
,
,
,
,
,
,
,
,
,
,
,
,
,
,
,
,
,
,
,
,
,
,
,
,
,
,
,
,
,
,
,
,
,
,
,
,
,
,
,
,
,
,
,
,
,
,
,
,
,
,
,
,
,
,
,
,
,
,
,
,
,
,
,
,
,
,
,
,
,
,
,
,
,
,
,
,
,
,
,
,
,
,
,
,
,
,
,
,
,
,
,
,
,
,
,
,
,
,
,
,
,
,
,
,
,
,
,
,
,
,
,
,
,
,
,
,
,
,
,
,
,
,
,
,
,
,
,
,
,
,
,
,
,
,
,
,
,
,
,
,
,
,
,
,
,
,
,
,
,
,
,
,
,
,
,
,
,
,
,
,
,
,
,
,
,
,
,
,
,
,
,
,
,
,
,
,
,
,
,
,
,
,
,
,
,
,
,
,
,
,
,
,
,
,
,
,
,
,
,
,
,
,
,
,
,
,
,
,
,
,
,
,
,
,
,
,
,
,
,
,
,
,
,
,
,
,
,
,
,
,
,
,
,
,
,
,
,
,
,
,
,
,
,
,
,
,
,
,
,
,
,
,
,
,
,
,
,
,
,
,
,
,
,
,
,
,
,
,
,
,
,
,
,
,
,
,
,
,
,
,
,
,
,
,
,
,
,
,
,
,
,
,
,
,
,
,
,
,
,
,
,
,
,
,
,
,
,
,
,
,
,
,
,
,
,
,
,
,
,
,
,
,
,
,
,
,
,
,
,
,
,
,
,
,
,
,
,
,
,
,
,
,
,
,
,
,
,
,
,
,
,
,
,
,
,
,
,
,
,
,
,
,
,
,
,
,
,
,
,
,
,
,
,
,
,
,
,
,
,
,
,
,
,
,
,
,
,
,
,
,
,
,
,
,
,
,
,
,
,
,
,
,
,
,
,
,
,
,
,
,
,
,
,
,
,
,
,
,
,
,
,
,
,
,
,
,
,
,
,
,
,
,
,
,
,
,
,
,
,
,
,
,
,
