"Date","Hash Rate","Average Transaction Fees"
"2022-04-27","975.27285136","13.530166135486853"
"2022-04-26","973.92340305","12.049139902044073"
"2022-04-25","996.98252101","14.663772926598844"
"2022-04-24","1003.60830605","9.578762681050318"
"2022-04-23","1006.79478504","9.638003032748678"
"2022-04-22","996.03484341","14.893038944620063"
"2022-04-21","982.28293584","16.60911846411575"
"2022-04-20","983.79870851","18.555793164567984"
"2022-04-19","1003.32684852","11.21304285422006"
"2022-04-18","998.97702747","10.794292171917629"
"2022-04-17","1001.75146375","8.635179159737422"
"2022-04-16","970.61963398","10.920941814298997"
"2022-04-15","975.46626915","11.420397723541022"
"2022-04-14","980.50669997","13.923276460543358"
"2022-04-13","970.06637558","14.171328187198302"
"2022-04-12","970.6965796","13.383922667153401"
"2022-04-11","1001.48888037","13.076957115534105"
"2022-04-10","972.47767536","12.834233818123707"
"2022-04-09","976.82036962","11.25371653681272"
"2022-04-08","973.11228113","16.580576491794954"
"2022-04-07","984.75681157","20.92405344376595"
"2022-04-06","974.38371836","17.20177652016731"
"2022-04-05","975.7701842","42.59901261245285"
"2022-04-04","957.4008736","20.892164148710748"
"2022-04-03","972.84275972","19.752166205938728"
"2022-04-02","963.61766873","19.88513022024864"
"2022-04-01","978.70868683","20.027717810746964"
"2022-03-31","961.99072433","15.149554343672522"
"2022-03-30","978.22560007","15.95912966724928"
"2022-03-29","970.01388008","14.221683824188288"
"2022-03-28","977.72922094","26.078079609917182"
"2022-03-27","950.63070062","18.085515236561612"
"2022-03-26","954.78711846","9.395842240538451"
"2022-03-25","977.368146","13.061014543142505"
"2022-03-24","954.30785051","14.061889809824102"
"2022-03-23","962.60796288","10.396055150351827"
"2022-03-22","954.9065123","10.792342053362255"
"2022-03-21","967.67256423","8.799129896871262"
"2022-03-20","949.20352108","7.290872893661309"
"2022-03-19","971.50602158","8.472035426318948"
"2022-03-18","948.67418812","15.729713474062951"
"2022-03-17","946.34985157","17.31372409550743"
"2022-03-16","944.46940812","9.671660509685056"
"2022-03-15","934.92528208","8.58717772440072"
"2022-03-14","948.50125959","8.248666140592888"
"2022-03-13","935.0558756","8.538717612207536"
"2022-03-12","976.76424928","5.968790825435027"
"2022-03-11","933.63029644","7.554787836697546"
"2022-03-10","960.99914011","7.517691019990421"
"2022-03-09","934.71830309","9.254508102199361"
"2022-03-08","931.8508987","10.349016994689311"
"2022-03-07","912.29586101","9.423604861656345"
"2022-03-06","937.48870297","11.297304629451656"
"2022-03-05","927.84304473","9.291396777124683"
"2022-03-04","957.33729217","11.175135169080205"
"2022-03-03","942.25167849","12.55894876699052"
"2022-03-02","956.47144738","13.937214980510076"
"2022-03-01","962.67598719","15.605001446501095"
"2022-02-28","944.97081603","19.536795351736853"
"2022-02-27","974.53830493","10.659525384375733"
"2022-02-26","944.92648587","12.958117938323124"
"2022-02-25","951.99377429","15.76616272998153"
"2022-02-24","949.23938265","19.64509607883609"
"2022-02-23","953.20671824","22.437554160473322"
"2022-02-22","947.31353068","20.590833486885707"
"2022-02-21","962.42573684","20.661161985243197"
"2022-02-20","954.43654105","14.713619272440743"
"2022-02-19","941.99853666","16.961154569023893"
"2022-02-18","949.46532148","21.32891634668412"
"2022-02-17","955.37185239","19.594710223179003"
"2022-02-16","945.64142901","21.655435470034035"
"2022-02-15","974.91920645","20.57874208784158"
"2022-02-14","970.12428845","16.17972853277127"
"2022-02-13","977.74466669","14.893991640791528"
"2022-02-12","955.30315138","17.396651273535525"
"2022-02-11","944.45833776","18.75679472149207"
"2022-02-10","959.09285863","28.036303681491045"
"2022-02-09","965.11856575","25.455232118034044"
"2022-02-08","954.69809515","23.719712934139928"
"2022-02-07","942.63280783","30.977643735157596"
"2022-02-06","972.29899502","19.555586685317078"
"2022-02-05","942.83354189","33.29878700778994"
"2022-02-04","953.41987514","27.282446807624602"
"2022-02-03","918.09109201","28.96450922974812"
"2022-02-02","961.59520154","34.92191570434572"
"2022-02-01","959.27011824","36.47607504323432"
"2022-01-31","939.43949513","27.12167305427129"
"2022-01-30","949.00099098","28.278959833426963"
"2022-01-29","940.42719864","26.128558712431378"
"2022-01-28","933.87152419","30.786798496421156"
"2022-01-27","944.61834735","32.52450704310433"
"2022-01-26","941.73119462","29.95794378898993"
"2022-01-25","915.15228474","29.024161407685853"
"2022-01-24","930.51786932","29.796817348233954"
"2022-01-23","944.65176604","28.701347702191157"
"2022-01-22","955.02938338","32.46610429088797"
"2022-01-21","924.98923272","39.19636661208972"
"2022-01-20","926.6966239","37.666007613363305"
"2022-01-19","922.74596774","32.08262230096137"
"2022-01-18","936.98810676","33.044463896166"
"2022-01-17","915.91065756","38.66155688032863"
"2022-01-16","908.71733762","37.748639105378345"
"2022-01-15","895.90661049","38.085359665238805"
"2022-01-14","922.35150936","50.683619579863866"
"2022-01-13","916.09764487","41.740522384114755"
"2022-01-12","922.91972168","51.23713181490275"
"2022-01-11","909.60795667","46.67047236458865"
"2022-01-10","898.78513065","52.14061602337272"
"2022-01-09","935.49763381","43.45119862295007"
"2022-01-08","887.19687264","31.034072725057094"
"2022-01-07","882.70145062","40.23985880147679"
"2022-01-06","900.61941717","37.6012807233582"
"2022-01-05","919.10416125","41.64257471286917"
"2022-01-04","926.98221746","41.16871515713954"
"2022-01-03","910.62695036","32.815537246987454"
"2022-01-02","897.88228848","34.04457684335527"
"2022-01-01","878.57352019","26.030465370474868"
"2021-12-31","874.05660492","28.279120779192677"
"2021-12-30","898.40862256","32.47112000140068"
"2021-12-29","900.1147969","36.77989588855878"
"2021-12-28","879.63419616","31.931526709260336"
"2021-12-27","881.86221239","25.955520225840278"
"2021-12-26","873.41963053","19.286319625177097"
"2021-12-25","877.03457369","22.90063875477095"
"2021-12-24","883.51522379","23.084837940953545"
"2021-12-23","874.30467577","28.27331979079306"
"2021-12-22","878.04888539","25.678892203040945"
"2021-12-21","896.54515832","23.29339185298222"
"2021-12-20","893.19591515","23.892411482574882"
"2021-12-19","871.98875657","22.289345961113288"
"2021-12-18","878.11251853","23.102413511557447"
"2021-12-17","853.83089258","30.888562183668967"
"2021-12-16","857.22675654","35.85048927424558"
"2021-12-15","878.53150381","29.168436869483646"
"2021-12-14","878.31691499","25.325229868774112"
"2021-12-13","877.48609403","27.06788192097619"
"2021-12-12","849.29052498","23.004083382608265"
"2021-12-11","841.27429711","26.28804497133212"
"2021-12-10","843.26399509","30.17121411718786"
"2021-12-09","857.21103959","28.16888850356325"
"2021-12-08","857.07238664","27.528678216007936"
"2021-12-07","865.00050521","33.181438414859244"
"2021-12-06","856.4230764","37.50008281523433"
"2021-12-05","842.52067474","30.87894770968785"
"2021-12-04","825.62201743","47.621459502410055"
"2021-12-03","836.89363037","37.869819435784386"
"2021-12-02","840.85565386","41.75651292018002"
"2021-12-01","822.61331708","51.25909944756133"
"2021-11-30","805.52292046","53.921917572986544"
"2021-11-29","804.25214878","43.48445966977786"
"2021-11-28","804.13955195","43.26326878453747"
"2021-11-27","800.24407431","40.90909968483109"
"2021-11-26","764.70493879","35.53796726440823"
"2021-11-25","789.62552039","43.15958688522665"
"2021-11-24","821.17758027","41.46405794324955"
"2021-11-23","819.71873645","47.07004535828442"
"2021-11-22","819.06209864","50.07970073412802"
"2021-11-21","791.23388645","36.46728191206601"
"2021-11-20","799.0175263","39.70466188920224"
"2021-11-19","801.63245419","41.48544569948404"
"2021-11-18","851.15596207","44.89933164831603"
"2021-11-17","830.25923999","42.5516636570893"
"2021-11-16","793.79405394","47.35130908876743"
"2021-11-15","817.73984917","54.624386330111435"
"2021-11-14","807.09309723","41.162156925247984"
"2021-11-13","819.9010352","47.06611794348817"
"2021-11-12","812.83697937","52.222638287079064"
"2021-11-11","809.72841584","56.81625793359034"
"2021-11-10","783.44811405","56.508048433584506"
"2021-11-09","802.75596317","62.15294431328281"
"2021-11-08","784.66536053","46.677592983639606"
"2021-11-07","787.11561944","36.51933883645912"
"2021-11-06","761.41216993","42.05730152677188"
"2021-11-05","770.16116096","45.76268953760547"
"2021-11-04","746.22924384","48.519767401540776"
"2021-11-03","775.136689","53.39282324622455"
"2021-11-02","763.59836086","58.01980191890036"
"2021-11-01","767.43389627","51.825539546392164"
"2021-10-31","735.31291263","49.26999924942073"
"2021-10-30","751.81633267","51.15566824395443"
"2021-10-29","742.27757393","53.55002100045461"
"2021-10-28","741.93167717","54.30571605712661"
"2021-10-27","750.00487029","49.441925777338604"
"2021-10-26","756.15449269","39.35928974004165"
"2021-10-25","749.3959974","33.1210730194605"
"2021-10-24","730.33535578","24.705326329075266"
"2021-10-23","720.77594237","22.884349150265905"
"2021-10-22","732.07071635","28.638530056744486"
"2021-10-21","730.61111076","31.973577829570697"
"2021-10-20","713.76282852","27.10567654946027"
"2021-10-19","712.14999622","24.117619571056153"
"2021-10-18","702.90465355","41.30549365139457"
"2021-10-17","706.25029157","25.90170713759707"
"2021-10-16","710.65410336","28.43544141426151"
"2021-10-15","687.933483","46.34836322362895"
"2021-10-14","706.33627429","41.95542280085128"
"2021-10-13","712.9539847","30.82177475181437"
"2021-10-12","711.48755171","26.90069873467318"
"2021-10-11","712.49820582","33.36754898110459"
"2021-10-10","696.12741645","26.093999100021357"
"2021-10-09","696.05321649","24.199438331415113"
"2021-10-08","715.0596911","36.227411205292604"
"2021-10-07","695.55547067","39.3702716560013"
"2021-10-06","704.55694326","40.33534018697928"
"2021-10-05","708.08033808","39.16774712523163"
"2021-10-04","682.03275013","31.575594210463194"
"2021-10-03","684.14867917","19.138374626567845"
"2021-10-02","692.04368983","20.379743089325935"
"2021-10-01","692.38911387","24.843423531476894"
"2021-09-30","668.16047219","31.666657718855237"
"2021-09-29","675.22022307","21.37285839660027"
"2021-09-28","667.99768554","23.932274832507993"
"2021-09-27","684.82752287","44.54609663729035"
"2021-09-26","685.91621004","20.955640597208337"
"2021-09-25","702.09894058","13.130028812463852"
"2021-09-24","677.39975757","19.43900755512371"
"2021-09-23","664.17170231","25.072914398095055"
"2021-09-22","679.18551976","18.89614797971029"
"2021-09-21","695.33636642","24.680967513002336"
"2021-09-20","673.05643376","23.55920917184959"
"2021-09-19","682.54025828","21.18988366583862"
"2021-09-18","676.84854273","17.003890824510112"
"2021-09-17","668.66864727","22.629473053104476"
"2021-09-16","670.75885515","27.337361041371576"
"2021-09-15","666.94772189","21.85840338957594"
"2021-09-14","664.22840541","24.1026327198781"
"2021-09-13","662.72345439","22.867560200914642"
"2021-09-12","685.32696129","18.664662447466764"
"2021-09-11","660.9197379","17.73665990302191"
"2021-09-10","661.12653219","28.09470824723493"
"2021-09-09","656.77756895","47.40182184111668"
"2021-09-08","663.41796321","49.25735277051625"
"2021-09-07","649.69806443","55.45698889595831"
"2021-09-06","653.4995611","39.81486391236956"
"2021-09-05","657.68332572","40.42432605881169"
"2021-09-04","635.21745594","40.75123670814391"
"2021-09-03","644.51431772","52.32785506688994"
"2021-09-02","645.24872426","35.01181441438539"
"2021-09-01","621.08112636","46.82427890415628"
"2021-08-31","629.38279391","38.55652993361292"
"2021-08-30","624.94848896","33.412126204260204"
"2021-08-29","616.15282191","31.048088067291555"
"2021-08-28","613.39126262","28.72035816123065"
"2021-08-27","617.00127733","39.505579122679634"
"2021-08-26","622.93130127","26.48084395420123"
"2021-08-25","613.05550585","27.592964327405248"
"2021-08-24","611.96923478","22.457948214433536"
"2021-08-23","592.14325137","17.738315589155068"
"2021-08-22","610.21120469","10.963089123983954"
"2021-08-21","604.92089289","10.951293995157759"
"2021-08-20","591.32415491","12.272625100774622"
"2021-08-19","608.04220711","15.6920717946581"
"2021-08-18","586.10723788","13.362857483547046"
"2021-08-17","584.27777246","13.874667553709793"
"2021-08-16","574.40654714","15.311918544883817"
"2021-08-15","574.88219793","22.463593045540613"
"2021-08-14","581.7362593","17.114263801680615"
"2021-08-13","580.96802428","19.03477978883152"
"2021-08-12","584.0450149","16.578450556146986"
"2021-08-11","571.47635849","17.397040482366503"
"2021-08-10","592.19049828","19.81387613509485"
"2021-08-09","580.355844","16.706756510044638"
"2021-08-08","565.46606747","13.994447424401853"
"2021-08-07","569.54874832","14.127046828250043"
"2021-08-06","557.20641127","12.657776916555715"
"2021-08-05","559.77945196","15.237864684875017"
"2021-08-04","562.14842353","9.336024759529158"
"2021-08-03","557.91061356","10.142323453238598"
"2021-08-02","548.16618575","8.46923127141489"
"2021-08-01","537.36099018","7.95075390061558"
"2021-07-31","529.37283424","10.180686305716074"
"2021-07-30","509.8591546","6.97432414801953"
"2021-07-29","532.02012647","5.699796338030843"
"2021-07-28","527.42252225","9.123301717241953"
"2021-07-27","519.82143182","8.410669626411723"
"2021-07-26","524.60245119","6.895299083966984"
"2021-07-25","522.79066736","3.856962767173068"
"2021-07-24","515.90896832","3.9415690397204544"
"2021-07-23","506.06843366","6.498585048787073"
"2021-07-22","504.3762887","5.303403717354628"
"2021-07-21","500.87783137","4.132750599664412"
"2021-07-20","493.70017267","4.687280710354131"
"2021-07-19","502.50447416","4.194285007257195"
"2021-07-18","490.54088322","4.149906634287122"
"2021-07-17","497.74808552","4.342239424872615"
"2021-07-16","489.19602304","6.151380163919658"
"2021-07-15","490.93858506","6.350517522163577"
"2021-07-14","482.51914724","7.082630866305559"
"2021-07-13","481.60088277","4.800504796093455"
"2021-07-12","503.391952","4.5723408548925155"
"2021-07-11","499.34302636","2.434039684360546"
"2021-07-10","503.73763316","3.022392730168486"
"2021-07-09","485.36205694","4.6292663025740595"
"2021-07-08","487.56276291","5.804090152862082"
"2021-07-07","482.91835394","6.6030848114044005"
"2021-07-06","487.57895658","8.240736856013287"
"2021-07-05","481.4229478","3.3939153142162093"
"2021-07-04","477.37462352","2.6912810541604664"
"2021-07-03","473.45519569","3.002888385618813"
"2021-07-02","473.34686128","3.062647387359216"
"2021-07-01","465.61288425","3.7474180741189635"
"2021-06-30","474.99389036","5.73065526711316"
"2021-06-29","470.0425922","3.851605741150986"
"2021-06-28","465.30245476","3.333376108951446"
"2021-06-27","457.54877461","4.422280835013774"
"2021-06-26","455.393707","2.33285955124642"
"2021-06-25","460.76157875","3.645896690392428"
"2021-06-24","473.49838372","3.1426544437685857"
"2021-06-23","474.12820997","3.5144448051653674"
"2021-06-22","489.14823162","9.497407521307947"
"2021-06-21","499.6580036","6.488084207680977"
"2021-06-20","525.11271324","3.6290942140983917"
"2021-06-19","533.78682894","3.078841979593524"
"2021-06-18","556.41927259","3.9640384659083865"
"2021-06-17","548.34712391","4.099963476522329"
"2021-06-16","549.94703156","3.80889019410504"
"2021-06-15","567.10531909","4.244965744828139"
"2021-06-14","546.0858312","4.183242187086845"
"2021-06-13","553.99026151","3.265268103469412"
"2021-06-12","558.30088567","4.022523557067998"
"2021-06-11","568.9893852","4.521024853014943"
"2021-06-10","568.36394644","4.176694522753758"
"2021-06-09","580.11494615","5.178903033887721"
"2021-06-08","591.80990732","5.884599571084005"
"2021-06-07","587.58137089","4.460096600272661"
"2021-06-06","591.30271978","3.7219813908011905"
"2021-06-05","585.2283072","4.066944131143815"
"2021-06-04","584.27111373","5.383978101792305"
"2021-06-03","569.889071","6.5336899539533135"
"2021-06-02","570.47279616","6.124063534563371"
"2021-06-01","560.15974214","5.842410023522192"
"2021-05-31","569.66749498","6.4029075956330805"
"2021-05-30","574.04441024","4.941095289783677"
"2021-05-29","567.54361217","5.477869769926181"
"2021-05-28","571.24641438","6.969820491198377"
"2021-05-27","573.5019441","7.716332188195212"
"2021-05-26","579.36632379","9.932905229755512"
"2021-05-25","579.44268645","9.989569004065762"
"2021-05-24","581.80271206","12.714748474557611"
"2021-05-23","585.791697","22.709807162712004"
"2021-05-22","591.81029567","9.586897692545605"
"2021-05-21","592.28389924","19.371983546195104"
"2021-05-20","610.97949292","23.49989987974114"
"2021-05-19","601.04117361","53.448793323429506"
"2021-05-18","598.86246674","19.50056166110991"
"2021-05-17","583.56577362","20.277237937920525"
"2021-05-16","601.33712435","19.338681012648752"
"2021-05-15","583.08935831","22.245565352915975"
"2021-05-14","591.25717482","32.60770259491173"
"2021-05-13","589.01110849","38.249290639942494"
"2021-05-12","576.52929334","65.9460986449531"
"2021-05-11","575.69888958","68.29806719433053"
"2021-05-10","575.90845624","51.84192104104762"
"2021-05-09","576.39783778","27.704162822534663"
"2021-05-08","567.8605115","29.810515351201524"
"2021-05-07","553.89241209","14.468904401504224"
"2021-05-06","570.10566701","14.033719878597516"
"2021-05-05","557.79848389","12.949734063985712"
"2021-05-04","563.20951663","13.651388898944065"
"2021-05-03","547.76410227","14.203874911027619"
"2021-05-02","544.03453728","8.045457625916292"
"2021-05-01","545.67770939","10.141037417744755"
"2021-04-30","542.41825376","10.015281396131037"
"2021-04-29","544.58643431","11.997120545035793"
"2021-04-28","545.75144934","13.067070267715275"
"2021-04-27","533.76416906","11.040502587718056"
"2021-04-26","537.08753362","9.928586424720448"
"2021-04-25","534.19451859","8.559522517469667"
"2021-04-24","517.11741368","10.226946196508276"
"2021-04-23","514.73035113","17.61416239920098"
"2021-04-22","513.73913411","20.202930443015884"
"2021-04-21","517.42785482","22.485536831824597"
"2021-04-20","507.70983399","32.37437434431777"
"2021-04-19","488.51134247","22.616038884159035"
"2021-04-18","507.62730894","22.468278121622557"
"2021-04-17","499.80973283","18.849505052713628"
"2021-04-16","491.60603111","24.39662300426012"
"2021-04-15","513.49266402","16.59100282943474"
"2021-04-14","511.04272052","19.02612005183018"
"2021-04-13","512.91157886","16.002954086087946"
"2021-04-12","516.42576558","13.726727238714483"
"2021-04-11","489.6763015","11.414464929574489"
"2021-04-10","498.24735293","12.941329726037269"
"2021-04-09","491.754257","14.831304480381668"
"2021-04-08","495.23828243","15.558487027197586"
"2021-04-07","498.88470787","18.499481780261316"
"2021-04-06","485.31986605","19.37839699288702"
"2021-04-05","492.8833312","18.978754726276094"
"2021-04-04","483.42363867","15.368348083724316"
"2021-04-03","472.51462173","18.421147574659653"
"2021-04-02","469.77835637","22.967516774967404"
"2021-04-01","468.39945627","22.389902085123033"
"2021-03-31","460.94919808","23.80782487455623"
"2021-03-30","464.73297163","18.789889793004065"
"2021-03-29","465.36069058","16.955526938293108"
"2021-03-28","456.8606684","13.63260781234843"
"2021-03-27","453.05299075","13.112616586415104"
"2021-03-26","457.8712416","15.60737054896865"
"2021-03-25","446.99377994","17.127257126278458"
"2021-03-24","435.96084497","17.001489909935398"
"2021-03-23","438.25751763","16.81029250222095"
"2021-03-22","433.83155339","19.365431260018962"
"2021-03-21","437.12551252","16.00683555827412"
"2021-03-20","443.41544638","16.166582103201623"
"2021-03-19","433.08878609","17.677095207696205"
"2021-03-18","425.92958927","19.67551270093734"
"2021-03-17","430.27462401","22.16242708891128"
"2021-03-16","428.0423862","20.500631781521363"
"2021-03-15","419.39736655","20.42173562113261"
"2021-03-14","424.3435589","17.49334898369618"
"2021-03-13","416.56167914","19.3697271848988"
"2021-03-12","406.01973454","18.13963956099762"
"2021-03-11","410.04184477","15.108676256690567"
"2021-03-10","413.19591931","15.402110631533185"
"2021-03-09","408.20398785","16.076007359732092"
"2021-03-08","414.69534379","16.304072367643034"
"2021-03-07","413.71881057","15.240767448326501"
"2021-03-06","419.19281406","11.218516852916993"
"2021-03-05","406.7887091","13.9416658062155"
"2021-03-04","393.35136653","11.125347118352453"
"2021-03-03","390.21922623","13.065574971048767"
"2021-03-02","404.50981154","11.933769789057308"
"2021-03-01","402.19354337","12.222732414100879"
"2021-02-28","399.78778377","11.582139598151935"
"2021-02-27","400.64260867","11.465559679787917"
"2021-02-26","398.27026159","14.845028442106587"
"2021-02-25","396.04577815","15.88747698253388"
"2021-02-24","397.80849506","20.505000256276876"
"2021-02-23","389.5195393","38.03326917946225"
"2021-02-22","393.79219533","30.193939400116456"
"2021-02-21","376.44332108","17.775513871567448"
"2021-02-20","385.63647675","22.775454523765717"
"2021-02-19","390.9955527","22.151038478276142"
"2021-02-18","377.56549184","21.440956664571974"
"2021-02-17","386.37331265","20.3064565021412"
"2021-02-16","380.64221443","19.679013142031092"
"2021-02-15","380.10819866","21.071527839248123"
"2021-02-14","381.12508595","17.536128895590103"
"2021-02-13","370.9207678","21.099732379259574"
"2021-02-12","377.5389341","20.070555192262262"
"2021-02-11","369.09787868","19.11641414818204"
"2021-02-10","363.30355939","22.437435794437874"
"2021-02-09","361.14660378","24.482914201390752"
"2021-02-08","363.476337","22.57383691136512"
"2021-02-07","365.97835371","16.52299931634024"
"2021-02-06","353.87958645","19.29377937382613"
"2021-02-05","351.10251709","25.79546433065199"
"2021-02-04","350.26535737","23.08178817981229"
"2021-02-03","342.32680463","17.30316134015645"
"2021-02-02","346.37354967","16.113542138119932"
"2021-02-01","346.6046925","12.781864192970312"
"2021-01-31","341.82472789","10.857959734334923"
"2021-01-30","329.13450327","9.789119436769418"
"2021-01-29","331.54549206","11.655844016114957"
"2021-01-28","337.00542938","8.264867039002832"
"2021-01-27","342.21467102","8.444461922285743"
"2021-01-26","334.64095461","7.619469691919057"
"2021-01-25","334.48094959","9.459508646541805"
"2021-01-24","328.46416288","7.9389163685710376"
"2021-01-23","329.09237149","6.848436208063282"
"2021-01-22","321.73992008","10.844632162229331"
"2021-01-21","319.22183685","9.360698743364653"
"2021-01-20","325.20304347","7.5028306632756125"
"2021-01-19","316.70360384","8.809889815874207"
"2021-01-18","313.11891087","5.960115653029259"
"2021-01-17","309.41312267","5.341434458429239"
"2021-01-16","318.33597411","6.504167534390331"
"2021-01-15","313.02080852","7.061870266583538"
"2021-01-14","312.61845221","6.653077927690304"
"2021-01-13","312.07371192","5.379430139948709"
"2021-01-12","310.90847903","6.040351925188486"
"2021-01-11","307.71293418","16.70380659341833"
"2021-01-10","305.52889392","7.301200785226861"
"2021-01-09","298.73984832","7.5241323656871275"
"2021-01-08","302.33023725","10.593333860617944"
"2021-01-07","294.10535417","9.992339661508284"
"2021-01-06","293.76521286","9.144722532731722"
"2021-01-05","292.14770591","9.592524672281113"
"2021-01-04","291.35660991","16.25803930245695"
"2021-01-03","290.29336504","10.43870497594214"
"2021-01-02","294.23280443","5.305364062810434"
"2021-01-01","282.58949242","3.3363557849136445"
"2020-12-31","281.36748495","4.931014066011746"
"2020-12-30","278.02170104","5.499053587835144"
"2020-12-29","280.75428734","4.501397225816453"
"2020-12-28","289.037066","5.157690281508342"
"2020-12-27","275.00484262","4.420707664504891"
"2020-12-26","278.42205189","2.9030970076559197"
"2020-12-25","268.84057805","3.896522750597404"
"2020-12-24","275.9379285","3.573323105659581"
"2020-12-23","282.24510795","4.210175370937312"
"2020-12-22","276.05741972","2.8836728892239556"
"2020-12-21","276.80569449","3.300462792506254"
"2020-12-20","274.24863511","2.030175420873971"
"2020-12-19","269.42008856","2.7737607856014725"
"2020-12-18","272.90333489","3.0371150031406238"
"2020-12-17","271.28676723","5.279346017988729"
"2020-12-16","269.28169617","3.2343639320413766"
"2020-12-15","267.98998758","3.1598119919491237"
"2020-12-14","265.93253758","2.2432465975662543"
"2020-12-13","275.08386802","1.7163720438898635"
"2020-12-12","270.36022117","1.6174316241773825"
"2020-12-11","267.45531192","2.3475841096947123"
"2020-12-10","274.5947981","2.180410820786307"
"2020-12-09","277.747662","2.507231482819093"
"2020-12-08","273.03896433","2.335850033887345"
"2020-12-07","271.23585798","1.916750949484196"
"2020-12-06","275.49842036","1.5417219739554564"
"2020-12-05","271.83577592","1.5005948815862098"
"2020-12-04","271.39519665","1.9855434962694922"
"2020-12-03","274.12485568","1.9333834399962462"
"2020-12-02","262.36959659","1.7637558084513794"
"2020-12-01","278.58826337","3.2822565619411495"
"2020-11-30","274.97592699","3.1206649103190602"
"2020-11-29","272.50980956","1.1349931441134358"
"2020-11-28","264.7296573","1.2226900659413984"
"2020-11-27","264.17947875","1.464721718727893"
"2020-11-26","266.14541055","4.94606824099552"
"2020-11-25","266.38071542","2.1576241788301807"
"2020-11-24","267.13978331","3.4936851691617634"
"2020-11-23","255.47108376","2.914890349750872"
"2020-11-22","267.85670925","2.3886136709427506"
"2020-11-21","265.81210134","2.368358859566285"
"2020-11-20","262.03876882","2.234199722971775"
"2020-11-19","262.94938377","1.63078289101257"
"2020-11-18","255.29764643","2.7258525381163197"
"2020-11-17","257.83446929","2.422238733249513"
"2020-11-16","252.24402969","1.4805905919154423"
"2020-11-15","261.53086331","1.091852501754878"
"2020-11-14","253.89554599","1.21010084906974"
"2020-11-13","259.00859394","1.6935243430291498"
"2020-11-12","253.26671408","1.7584003060285116"
"2020-11-11","257.23844957","1.5884522850160696"
"2020-11-10","252.6086322","1.4732239045885798"
"2020-11-09","253.08562419","1.2328629418163888"
"2020-11-08","250.57368795","0.9549860423950067"
"2020-11-07","258.65249604","1.6500644652516485"
"2020-11-06","256.77604922","1.76018547994033"
"2020-11-05","249.02893918","1.390634309587538"
"2020-11-04","252.34510458","0.9792839892716524"
"2020-11-03","252.69929407","1.164507041765688"
"2020-11-02","246.65331693456648","1.459134519098884"
"2020-11-01","255.98133033822558","0.9088529349512187"
"2020-10-31","253.0692847879435","1.0617995827429272"
"2020-10-30","251.8763409866588","1.5946500934014591"
"2020-10-29","257.13338959598946","1.778775644328199"
"2020-10-28","252.161114425219","1.65500283628889"
"2020-10-27","249.47103949951187","1.1796303884392576"
"2020-10-26","243.2075086910853","1.60290539174393"
"2020-10-25","251.9477115989693","0.9887851412394624"
"2020-10-24","258.58222880728414","0.921005004611091"
"2020-10-23","253.54518665726889","1.59078976012553"
"2020-10-22","252.3512105013941","1.6907374974387526"
"2020-10-21","251.4135466181574","1.944174962256277"
"2020-10-20","252.04320175111","1.5118993246927745"
"2020-10-19","253.9720183508807","1.4054309840981698"
"2020-10-18","243.03767123836835","1.0418094238194568"
"2020-10-17","252.08340502748734","0.9067965796637217"
"2020-10-16","251.16530731650295","1.4964752798196737"
"2020-10-15","253.9438853859088","1.7594433538910124"
"2020-10-14","248.2699799534331","2.054508217126067"
"2020-10-13","252.65637650260393","1.929823498494716"
"2020-10-12","246.4604100278159","1.9576328016778404"
"2020-10-11","248.9964989147222","1.3351714291353716"
"2020-10-10","251.32471004132188","1.6102130457096777"
"2020-10-09","244.6840508295402","2.007435008699929"
"2020-10-08","240.71905279075696","2.0588355067178954"
"2020-10-07","247.6359695008338","2.0176003120358685"
"2020-10-06","254.35984485274375","2.610951776539626"
"2020-10-05","243.26676636556314","2.2226248533039263"
"2020-10-04","239.9958183136524","2.1088773101044485"
"2020-10-03","237.19204601426128","2.0151177628458385"
"2020-10-02","241.8719507610286","2.3546064617078795"
"2020-10-01","242.7533534366962","2.575975130135442"
"2020-09-30","242.09937172621372","2.951031889614299"
"2020-09-29","240.32884969341913","3.7265105870762496"
"2020-09-28","240.42054358349102","2.9783879811275775"
"2020-09-27","241.24051206281504","2.349414483563857"
"2020-09-26","241.82076562692146","2.2611459006923478"
"2020-09-25","235.44787823451009","2.6123763114366505"
"2020-09-24","236.04455941570885","2.72229765304338"
"2020-09-23","243.04360561618722","2.9759541072135245"
"2020-09-22","237.26965378995112","3.8594145188672715"
"2020-09-21","242.98879995015324","4.097219540555292"
"2020-09-20","240.7001708780312","3.4425053055439325"
"2020-09-19","236.94297489824018","4.784944565637906"
"2020-09-18","232.4474425804824","7.594861506145206"
"2020-09-17","241.10160074539638","11.84480290707463"
"2020-09-16","229.13030606199996","4.112465094456686"
"2020-09-15","235.558672964714","4.9263473397536135"
"2020-09-14","230.72550007306248","5.406037927122164"
"2020-09-13","234.5942256745953","3.2662571736322916"
"2020-09-12","234.80000044834924","3.065926736611245"
"2020-09-11","230.95981903552087","4.01594025500753"
"2020-09-10","222.08210521475962","4.554653555542614"
"2020-09-09","226.03667615313276","3.0906937261615077"
"2020-09-08","227.83893752336405","2.6216629351723655"
"2020-09-07","229.52987085631386","2.906306576523774"
"2020-09-06","229.69374293814167","3.452565722851645"
"2020-09-05","223.23492133271287","6.947334147508151"
"2020-09-04","221.7025985776624","6.104765442685167"
"2020-09-03","211.80189640926906","10.337162384907094"
"2020-09-02","216.10356127482896","14.18174483618288"
"2020-09-01","217.6173021166301","13.707042198756021"
"2020-08-31","208.64035593733288","6.667412140148008"
"2020-08-30","207.55357289073808","6.222275660938716"
"2020-08-29","203.510340236621","2.7760274958626048"
"2020-08-28","210.2355439104336","2.511898751457314"
"2020-08-27","204.9690658518776","2.4757141970478376"
"2020-08-26","208.0350149708945","2.380024351575502"
"2020-08-25","205.30595095813413","2.822361694071424"
"2020-08-24","205.6877789742228","2.7208026739860114"
"2020-08-23","207.74954641498417","2.2854712638300474"
"2020-08-22","202.28237805482553","2.8686924123680035"
"2020-08-21","205.03079058290993","3.864718601713305"
"2020-08-20","201.16589763878875","3.207581100505917"
"2020-08-19","195.77432455615346","3.598169317239835"
"2020-08-18","188.16489982234762","3.543769428429182"
"2020-08-17","191.21291409839972","3.154866955150282"
"2020-08-16","200.01694012482824","2.9632309127551215"
"2020-08-15","204.619147332941","3.555939509677717"
"2020-08-14","201.44745820973841","5.979858500087499"
"2020-08-13","193.71423309695643","7.119147108650998"
"2020-08-12","193.05400092378724","5.592555879452508"
"2020-08-11","189.73166461606175","3.016231547205944"
"2020-08-10","193.06357478510412","2.8605116217677313"
"2020-08-09","195.9098647921996","1.9259622178552822"
"2020-08-08","190.13862682369975","1.7092680293606386"
"2020-08-07","188.87751163014832","1.7307831846082051"
"2020-08-06","184.96116562441796","1.4493517964373541"
"2020-08-05","183.37181716611778","1.3794233373429412"
"2020-08-04","182.63491322366957","1.4645641272608652"
"2020-08-03","181.99957546744523","1.7164536917623952"
"2020-08-02","188.81583798265345","1.940140911369437"
"2020-08-01","183.94336474413097","1.5822692027846974"
"2020-07-31","179.70081675877327","1.6823576018845918"
"2020-07-30","184.50159745671417","1.517751310638703"
"2020-07-29","190.9668062283111","1.535058171906691"
"2020-07-28","188.27354390273234","1.4023293623793975"
"2020-07-27","182.84418488181785","1.898459314421292"
"2020-07-26","182.58811939334777","1.4994456101999238"
"2020-07-25","175.33053581298014","1.5982160909345102"
"2020-07-24","184.56845417503638","1.3720663808446112"
"2020-07-23","178.13778028448468","1.4365457488572204"
"2020-07-22","170.2742400357223","1.2050454822086927"
"2020-07-21","170.02352431956223","1.166527361347648"
"2020-07-20","176.0879374469346","1.049839062723028"
"2020-07-19","181.08110270606915","0.8719432777701518"
"2020-07-18","181.4487828448269","0.8020890537079174"
"2020-07-17","176.39966455990043","0.8579550591870304"
"2020-07-16","179.39507068446244","0.844870588492982"
"2020-07-15","178.43128630754782","0.7697328138951481"
"2020-07-14","178.60539382453632","0.6551897236208684"
"2020-07-13","183.72034987853067","0.7482550204437006"
"2020-07-12","182.1373925602798","0.5102181785639995"
"2020-07-11","181.24783370725658","0.547328119116734"
"2020-07-10","177.39802270143872","0.5959505874931229"
"2020-07-09","178.87159721781512","0.7363993842578701"
"2020-07-08","182.84979376145932","0.8133420137624633"
"2020-07-07","176.634510847078","0.6211321167445866"
"2020-07-06","178.71677224297574","0.6439044771464202"
"2020-07-05","178.72115839072123","0.5443107712542176"
"2020-07-04","179.13646387417194","0.5439027454005246"
"2020-07-03","178.56798440696005","0.6657437331884808"
"2020-07-02","175.81327891201693","0.6338186363997131"
"2020-07-01","173.44626538694467","0.7131852473696126"
"2020-06-30","176.8980437100665","0.7325374834577928"
"2020-06-29","177.38632038340322","0.5820918809220789"
"2020-06-28","176.75212597337523","0.5450256666402147"
"2020-06-27","175.87602679986156","0.546366296744024"
"2020-06-26","179.60227374700204","0.6067928936954354"
"2020-06-25","179.695032213632","0.6572369432750177"
"2020-06-24","177.3170336821354","0.7259044478123354"
"2020-06-23","175.27291229437392","0.6934574972125257"
"2020-06-22","173.25885281878277","0.6338884841865178"
"2020-06-21","176.66595205402214","0.45910942546351596"
"2020-06-20","176.51893192227465","0.47440837184578977"
"2020-06-19","175.46195806051563","0.5989548166483866"
"2020-06-18","171.4697772429162","0.563788936073753"
"2020-06-17","170.95404438905265","0.643675747236539"
"2020-06-16","175.25853005274976","0.5993970088382118"
"2020-06-15","172.21252562065925","0.641718253187131"
"2020-06-14","173.7742701059941","0.3962886557933194"
"2020-06-13","172.12047410140278","0.45465780441264075"
"2020-06-12","171.35109771500024","0.5461933046327487"
"2020-06-11","170.5491683955288","3.836582356046902"
"2020-06-10","167.95710719039997","3.433641029711882"
"2020-06-09","171.4122545693382","0.5697583151705764"
"2020-06-08","173.12979615950113","0.5774946211887424"
"2020-06-07","177.08347825855404","0.5805940678926734"
"2020-06-06","174.33574058672218","0.5273914790049019"
"2020-06-05","173.87103198729002","0.4849455756609047"
"2020-06-04","176.13032262474647","0.4551939353868396"
"2020-06-03","174.64762402062448","0.44026710047783346"
"2020-06-02","172.57260572796883","0.5040121591383151"
"2020-06-01","170.32021536791683","0.48137878221834646"
"2020-05-31","174.49326219589636","0.42797973136034545"
"2020-05-30","171.4737272051859","0.5237844887602555"
"2020-05-29","169.45112006125808","0.45646657285500514"
"2020-05-28","167.76804428825997","0.5456185414044744"
"2020-05-27","171.2053487369747","0.538350295210084"
"2020-05-26","168.0776187427333","0.46904182103100783"
"2020-05-25","166.6339861858707","0.48658013416292323"
"2020-05-24","171.01350547090203","0.3958300349967832"
"2020-05-23","171.50083375914065","0.29311027170302933"
"2020-05-22","166.03769929651463","0.43719377772437595"
"2020-05-21","167.2472528844572","0.6440186235346472"
"2020-05-20","171.70918381149735","0.5066477952840748"
"2020-05-19","165.82247423672754","0.4501510374853667"
"2020-05-18","168.48022859333832","0.5011272863004697"
"2020-05-17","174.2151373074945","0.38035634393081735"
"2020-05-16","168.64995357874224","0.31699308368454765"
"2020-05-15","173.12759885071657","0.37411449688540044"
"2020-05-14","170.58626948958022","0.558059575436493"
"2020-05-13","168.823605580735","0.43294936231583014"
"2020-05-12","167.8998741736004","0.315259477970725"
"2020-05-11","168.770405377724","0.2724841037765362"
"2020-05-10","168.2658290759286","0.36355170097728"
"2020-05-09","170.0086600021664","0.2219806046727139"
"2020-05-08","170.74502605168846","0.27365181774566194"
"2020-05-07","167.64927364266126","0.28293912845979446"
"2020-05-06","170.23847517587444","0.22934649454442077"
"2020-05-05","177.28440913864412","0.20324244454478554"
"2020-05-04","177.11790235376117","0.19854914359676928"
"2020-05-03","169.40632773348221","0.16015126237337574"
"2020-05-02","174.5739749766364","0.14517166575286392"
"2020-05-01","173.80591974765522","0.17545624836596257"
"2020-04-30","168.11177100132153","0.2935047246197926"
"2020-04-29","169.03498017236572","0.23468496061063018"
"2020-04-28","161.95566844224328","0.14077751315851902"
"2020-04-27","162.65936507756516","0.15227423689957376"
"2020-04-26","166.43739862467612","0.1562208119133259"
"2020-04-25","164.69185220379617","0.13907906248304006"
"2020-04-24","167.06168423402858","0.14689728827326182"
"2020-04-23","169.00267814154037","0.15573663732072507"
"2020-04-22","165.43460058476592","0.15191312385493858"
"2020-04-21","166.29272497860265","0.14708282149336527"
"2020-04-20","164.2798529462281","0.13660197596282778"
"2020-04-19","164.70244473035925","0.12539951733693083"
"2020-04-18","168.25479882417233","0.1403511854674466"
"2020-04-17","167.29566642320484","0.11576313473094056"
"2020-04-16","169.98947328016567","0.15184993886110876"
"2020-04-15","168.9600660291767","0.09523022509691005"
"2020-04-14","170.41654679638467","0.10261786014230974"
"2020-04-13","166.90103853794824","0.10472268627923478"
"2020-04-12","170.19044930307948","0.08708310730513136"
"2020-04-11","163.16418533455692","0.09290414624279925"
"2020-04-10","169.49335906675142","0.10995884396120059"
"2020-04-09","166.115435198358","0.1147531139637985"
"2020-04-08","165.99258876385883","0.10671204722214887"
"2020-04-07","165.1244993256742","0.12197926326402249"
"2020-04-06","159.70053326598656","0.14109059740084093"
"2020-04-05","166.77360131267574","0.08206215107163924"
"2020-04-04","164.59233824805875","0.0838721867349331"
"2020-04-03","168.1404471238931","0.09539452519484994"
"2020-04-02","169.7702049281576","0.10217724853552725"
"2020-04-01","166.00973225640138","0.09104540471993047"
"2020-03-31","164.32746885195982","0.09133061847475307"
"2020-03-30","168.76158536370167","0.08323258166565392"
"2020-03-29","170.2214634607162","0.07246806360696932"
"2020-03-28","166.58463038633795","0.07901836630856708"
"2020-03-27","167.04492031821627","0.08775075909834251"
"2020-03-26","166.27638407027413","0.09439816764696767"
"2020-03-25","161.71389410180018","0.09744871483288525"
"2020-03-24","164.04453249735926","0.09883557247190104"
"2020-03-23","161.2481697371689","0.0999091293218813"
"2020-03-22","157.48099568306313","0.0821008604756666"
"2020-03-21","166.23450061295492","0.07995492578826957"
"2020-03-20","163.15327856269755","0.11581198784097484"
"2020-03-19","164.39085744197558","0.1411963063902241"
"2020-03-18","164.88765228552984","0.09399434489008443"
"2020-03-17","160.75664837236855","0.11723719708084189"
"2020-03-16","165.48030105122774","0.20524688770092595"
"2020-03-15","164.5772103023589","0.09847950757806517"
"2020-03-14","163.47625702963308","0.10491005443080775"
"2020-03-13","165.53255404611934","0.7794475491125477"
"2020-03-12","170.48008235552422","0.7414801359385809"
"2020-03-11","169.89398818751928","0.1599446661430284"
"2020-03-10","172.0520204290615","0.12426242830907358"
"2020-03-09","171.48032265236617","0.19091989248758873"
"2020-03-08","176.1155892750303","0.2084960101922426"
"2020-03-07","172.06816935862778","0.13934334141866467"
"2020-03-06","169.13003765068643","0.1449816474579768"
"2020-03-05","171.6367886783265","0.13746350570768753"
"2020-03-04","172.70513576916562","0.1273880159358212"
"2020-03-03","170.05004265423003","0.12669840566006976"
"2020-03-02","169.59906568276568","0.12026214277651284"
"2020-03-01","171.13816212385242","0.1199858263009499"
"2020-02-29","173.32477246353355","0.1157533938617472"
"2020-02-28","172.093413609671","0.154560458958257"
"2020-02-27","176.50640540557927","0.17327205424501474"
"2020-02-26","170.28017412028228","0.2714678981507227"
"2020-02-25","168.2597630691627","0.17649907043955723"
"2020-02-24","173.56183483961445","0.1573356066071714"
"2020-02-23","171.31336597147663","0.16405688337001154"
"2020-02-22","172.1634099485578","0.13228003756066395"
"2020-02-21","167.68748866792654","0.13585816443782697"
"2020-02-20","170.24433858268293","0.19318364898718654"
"2020-02-19","175.63230500463996","0.18356764562438985"
"2020-02-18","168.1752329590615","0.17352119456538312"
"2020-02-17","166.68157032421462","0.18423134139394812"
"2020-02-16","168.13721154382569","0.2342066006615012"
"2020-02-15","166.00286597496319","0.188867791922619"
"2020-02-14","165.42616734669738","0.19301477196135639"
"2020-02-13","164.76991496588244","0.1899537134015021"
"2020-02-12","161.94994461618063","0.19775372844868522"
"2020-02-11","162.20532006881243","0.142592032946893"
"2020-02-10","161.43203132644453","0.13132909753813657"
"2020-02-09","158.84769109278722","0.13388514479964814"
"2020-02-08","160.35408896528293","0.13383735452048476"
"2020-02-07","157.460556155791","0.17359966153416598"
"2020-02-06","157.98526889680335","0.17020843059808535"
"2020-02-05","156.90649445998855","0.1471822585384452"
"2020-02-04","159.84979633263342","0.12769968659997208"
"2020-02-03","157.2978383586132","0.0981489177566026"
"2020-02-02","158.3157819121807","0.09883916072545552"
"2020-02-01","153.69044041553568","0.09222558366034779"
"2020-01-31","154.6122153327196","0.09429558134473498"
"2020-01-30","153.6702134927775","0.10063979133906509"
"2020-01-29","157.97439202247386","0.0853266805259856"
"2020-01-28","154.80166928500947","0.08677125729920405"
"2020-01-27","157.4945422444814","0.0836185353176048"
"2020-01-26","155.80698701104205","0.07539803652977407"
"2020-01-25","157.3150687192368","0.07007842679107017"
"2020-01-24","160.38907687006275","0.08207310956934383"
"2020-01-23","157.99096928610334","0.07507813342997306"
"2020-01-22","156.7552004443951","0.08248220962023056"
"2020-01-21","159.4924073140975","0.08300725908956604"
"2020-01-20","158.2207955906207","0.0826147414675078"
"2020-01-19","157.28871237367161","0.08796651332755594"
"2020-01-18","156.43809071809096","0.09613387116975797"
"2020-01-17","157.74035363245284","0.09346633682543724"
"2020-01-16","157.5992804774922","0.08104600942612782"
"2020-01-15","159.1159052152327","0.09660524411947033"
"2020-01-14","156.582988352002","0.12485648411145749"
"2020-01-13","157.447702793516","0.08746198744689418"
"2020-01-12","156.42362679508912","0.08012364658908135"
"2020-01-11","158.40100705747338","0.08135944368256541"
"2020-01-10","157.52956031297418","0.09777055522102054"
"2020-01-09","152.31236173003865","0.07649254509354232"
"2020-01-08","155.2402139246162","0.09133322051090963"
"2020-01-07","159.31358170418864","0.07786816655013619"
"2020-01-06","154.87743634557387","0.08391477113343468"
"2020-01-05","153.30855471285054","0.06884275946134774"
"2020-01-04","157.9610363492778","0.06612643148960326"
"2020-01-03","149.69087019658033","0.07863007053047295"
"2020-01-02","146.05796014602325","0.07266055354655224"
"2020-01-01","141.54757568971382","0.08361749518431714"
"2019-12-31","145.7970082440359","0.08671105689009076"
"2019-12-30","147.9951428210848","0.07928149165727136"
"2019-12-29","149.2608370314262","0.08234019968628838"
"2019-12-28","148.4369601237597","0.0757367457928883"
"2019-12-27","144.91180321696706","0.07731181448336559"
"2019-12-26","143.87591335516825","0.07810170896869266"
"2019-12-25","144.68061142205326","0.07902267290138293"
"2019-12-24","148.84693122936034","0.07899599700592833"
"2019-12-23","148.39763233902755","0.08710564477886727"
"2019-12-22","147.60315023361719","0.0802223488345023"
"2019-12-21","150.06528137146293","0.07990483430798179"
"2019-12-20","145.99349523042252","0.09147327418933603"
"2019-12-19","150.58639864257455","0.08895116742345828"
"2019-12-18","150.12457003644553","0.11426413951350727"
"2019-12-17","157.39241736521623","0.1253946378763181"
"2019-12-16","165.1287596131141","0.10477667919713071"
"2019-12-15","166.4915515098443","0.09509451909420329"
"2019-12-14","169.16961095357274","0.08773484249416207"
"2019-12-13","166.09351092953258","0.09278742719486838"
"2019-12-12","165.62136772139758","0.09543496446797477"
"2019-12-11","163.03664990923713","0.09816076434744962"
"2019-12-10","169.49263310734375","0.09659331685209929"
"2019-12-09","163.2980379217672","0.08846199302542188"
"2019-12-08","161.92880058963874","0.09074105658737046"
"2019-12-07","167.50514531348585","0.0933744643603484"
"2019-12-06","161.7227545068108","0.09655417240692439"
"2019-12-05","163.45506998203103","0.10006935842113733"
"2019-12-04","165.07615810982583","0.10713477958251823"
"2019-12-03","168.81058301723178","0.10527572167095746"
"2019-12-02","166.57591098872697","0.10977234165859827"
"2019-12-01","164.3180727801401","0.12095343127434431"
"2019-11-30","167.18021829241206","0.1055432837511263"
"2019-11-29","165.18131661524066","0.10734727723600795"
"2019-11-28","165.31598679106617","0.13212833577272293"
"2019-11-27","165.16303497093202","0.12476982177167799"
"2019-11-26","160.83974627746116","0.14926688142609454"
"2019-11-25","172.92065517796624","0.1889358776554668"
"2019-11-24","170.56375993097367","0.10108526040037437"
"2019-11-23","171.00072878174544","0.10293350091039355"
"2019-11-22","168.11266066993102","0.2351230057408894"
"2019-11-21","172.54675628578184","0.16114424940691727"
"2019-11-20","163.38885417821024","0.12859963161048849"
"2019-11-19","164.50490373539955","0.1227349446196282"
"2019-11-18","175.44724952266634","0.14987979231911658"
"2019-11-17","174.62014341555502","0.12316564833131227"
"2019-11-16","170.82948270254772","0.11607975832241266"
"2019-11-15","173.45283466001302","0.12639053728789454"
"2019-11-14","175.74195161442452","0.13520828710559218"
"2019-11-13","178.55084957685256","0.129813289177015"
"2019-11-12","175.34006155591896","0.12669784021131603"
"2019-11-11","172.66129378717278","0.1294995212644874"
"2019-11-10","175.2737895868846","0.12514012885661446"
"2019-11-09","175.4194698538426","0.12735808619807712"
"2019-11-08","174.8323845556299","0.13182629267159607"
"2019-11-07","176.21561529886964","0.14391109400056026"
"2019-11-06","176.8450850229923","0.1255667684133156"
"2019-11-05","174.54750333982747","0.12994307768037217"
"2019-11-04","172.46696879427716","0.13311117304544667"
"2019-11-03","176.12770065236583","0.13094828716562867"
"2019-11-02","175.82751628698153","0.1214184230970731"
"2019-11-01","179.15382716745808","0.12787710034498873"
"2019-10-31","177.46571932968726","0.13122224603005062"
"2019-10-30","177.03599819884127","0.14368385683235393"
"2019-10-29","174.4872025849366","0.14897461147833987"
"2019-10-28","173.88481571675493","0.13545572882160675"
"2019-10-27","172.70175663628805","0.1274436165425153"
"2019-10-26","176.68605534329856","0.1399575231352125"
"2019-10-25","171.87286430025065","0.1376648421058443"
"2019-10-24","178.22876481069636","0.1186663667178447"
"2019-10-23","183.4755460702256","0.15108835879467705"
"2019-10-22","177.53867942729462","0.12620421117006395"
"2019-10-21","176.1821350983764","0.1191570211164988"
"2019-10-20","182.87696176647415","0.12750799064503152"
"2019-10-19","182.6990936248828","0.10665055270682079"
"2019-10-18","176.34098041489347","0.10919493094992937"
"2019-10-17","181.3079908454094","0.10857951605493983"
"2019-10-16","182.80137378686632","0.11474656927254867"
"2019-10-15","187.31907570381","0.12186853869600364"
"2019-10-14","178.27747817309353","0.12748972670140785"
"2019-10-13","181.5851280000852","0.12049503654836445"
"2019-10-12","176.4240547810929","0.11127122723286752"
"2019-10-11","182.0325848479233","0.12097930937171296"
"2019-10-10","177.63540380921293","0.13533606429615788"
"2019-10-09","174.491670754097","0.1472641375874832"
"2019-10-08","175.63644354274152","0.11871993424478748"
"2019-10-07","176.75573252345484","0.12612398932578445"
"2019-10-06","178.69625037226953","0.11603855036656424"
"2019-10-05","177.99855571587625","0.12654267747178083"
"2019-10-04","177.84794312297475","0.14784458574440126"
"2019-10-03","175.8438865810398","0.18376694733223328"
"2019-10-02","176.9464573054447","0.13980016952347293"
"2019-10-01","182.189877855627","0.13979139473643373"
"2019-09-30","181.9040634807857","0.26633800639319233"
"2019-09-29","182.12904268202414","0.3247620535978964"
"2019-09-28","184.52128304323512","0.3472783659848943"
"2019-09-27","182.15096344351997","0.3460251852952374"
"2019-09-26","185.58269755430385","0.30840011466429684"
"2019-09-25","182.67844528584837","0.407973622309414"
"2019-09-24","178.41514511006642","0.3659906011542725"
"2019-09-23","186.00315748531054","0.41377884397982184"
"2019-09-22","181.3082720504473","0.3276827047943077"
"2019-09-21","185.52807729890293","0.4165678511929244"
"2019-09-20","181.18155164104277","0.4446158733741072"
"2019-09-19","177.6732129149794","0.46728309387279454"
"2019-09-18","183.64866626124427","0.385082514073905"
"2019-09-17","180.2632847186094","0.37544670603606395"
"2019-09-16","176.31644199637975","0.2718769826510537"
"2019-09-15","171.33279122954124","0.28979928406856315"
"2019-09-14","172.93558054935787","0.286814312964546"
"2019-09-13","169.52208273232043","0.2536189222124506"
"2019-09-12","173.43217277770944","0.2404018790855129"
"2019-09-11","168.5447100864966","0.21932987975316082"
"2019-09-10","167.16750521382087","0.23810419153271786"
"2019-09-09","167.07217687464907","0.19958344334429046"
"2019-09-08","169.28079116279025","0.1954508527226211"
"2019-09-07","169.47477581575333","0.17851505404507714"
"2019-09-06","160.82204436082154","0.16074509494496242"
"2019-09-05","166.96480094651463","0.1549881819780277"
"2019-09-04","164.78246885379","0.13123867599001504"
"2019-09-03","168.47228304959316","0.1317171809056688"
"2019-09-02","167.03306137652953","0.1326978764166391"
"2019-09-01","165.0965384406521","0.11334460708615371"
"2019-08-31","166.55237463422387","0.11263377624697711"
"2019-08-30","168.19039423746","0.1180918901652895"
"2019-08-29","167.63377241667342","0.12046121958246105"
"2019-08-28","161.83040890498359","0.12242727455718465"
"2019-08-27","159.98204822554385","0.124483682782667"
"2019-08-26","165.53189553084428","0.1587930321255777"
"2019-08-25","164.71479451546784","0.1406412501016694"
"2019-08-24","162.96434225246546","0.1095850266663237"
"2019-08-23","165.63467415432228","0.12155574053280309"
"2019-08-22","161.5114953190012","0.1271893230149929"
"2019-08-21","166.42852694597187","0.14264644039740032"
"2019-08-20","167.1192147977165","0.1259257346350026"
"2019-08-19","168.312053254052","0.12845170964795383"
"2019-08-18","168.95578913597734","0.09086612363854162"
"2019-08-17","175.76440003227327","0.08265943385894278"
"2019-08-16","170.63589487026016","0.09833792259346398"
"2019-08-15","172.04874551214462","0.13509380275229316"
"2019-08-14","171.06334145662103","0.10716574930049715"
"2019-08-13","172.7624798531813","0.13202150921153158"
"2019-08-12","173.31842911483193","0.11233362109111435"
"2019-08-11","170.91582000397162","0.10635433198069524"
"2019-08-10","174.54863637703073","0.10516029987930348"
"2019-08-09","170.13819418622748","0.11963575496765305"
"2019-08-08","171.02529827826734","0.12435181578421849"
"2019-08-07","172.8627543850209","0.11336200528570765"
"2019-08-06","171.72962191739475","0.12324108850066906"
"2019-08-05","171.36441610548752","0.11876250771265492"
"2019-08-04","169.60831576432466","0.10279095167047295"
"2019-08-03","167.13433988266948","0.16259259247408883"
"2019-08-02","164.80715695995073","0.13943556900559523"
"2019-08-01","160.56604481263196","0.17503364192074863"
"2019-07-31","164.17925543598005","0.1304994294163538"
"2019-07-30","169.03935272074088","0.1117781981233011"
"2019-07-29","164.53560659047133","0.10839161739444675"
"2019-07-28","166.49369533647112","0.0963146814432064"
"2019-07-27","168.26202766560644","0.11985670012992478"
"2019-07-26","162.84476354226229","0.12363577355592209"
"2019-07-25","162.5276633839506","0.1680529324156112"
"2019-07-24","164.83234776510352","0.1759842382835832"
"2019-07-23","164.76405546768365","0.12147590141862163"
"2019-07-22","162.25887059805845","0.10794804184329997"
"2019-07-21","163.07321543983304","0.11815443759451824"
"2019-07-20","167.1237312025177","0.11368864375710346"
"2019-07-19","162.10610073970332","0.16211946795308124"
"2019-07-18","168.2793380989905","0.12872748459169286"
"2019-07-17","165.87332595996602","0.1882372641280804"
"2019-07-16","160.86743376659263","0.20161050940719236"
"2019-07-15","167.44632002814143","0.15437598843339226"
"2019-07-14","170.69340699100943","0.15239519161829387"
"2019-07-13","166.77088577175707","0.14212445016778374"
"2019-07-12","166.4999562137437","0.1602845523846701"
"2019-07-11","166.6358668388077","0.20073617418116502"
"2019-07-10","162.83479044415483","0.14726937036402207"
"2019-07-09","163.114360617135","0.17658923935722562"
"2019-07-08","158.650774594595","0.2064369509702542"
"2019-07-07","161.327529962605","0.1538710256355417"
"2019-07-06","162.142175615644","0.17485377157206047"
"2019-07-05","157.772852334922","0.17659578214431926"
"2019-07-04","157.161883964355","0.14347122211845204"
"2019-07-03","158.270321139686","0.16741679351702649"
"2019-07-02","162.861678509714","0.19037203016731466"
"2019-07-01","161.21406525152","0.24178012849514194"
"2019-06-30","162.672572488896","0.20057505453608368"
"2019-06-29","163.092462248708","0.20885973457193768"
"2019-06-28","157.521350235405","0.2318346182761412"
"2019-06-27","160.236239786281","0.2787112164097043"
"2019-06-26","162.116659931632","0.27703897187196447"
"2019-06-25","155.520275310546","0.24439442523036786"
"2019-06-24","154.589745859032","0.1834950856775725"
"2019-06-23","150.273551506771","0.15937748546919028"
"2019-06-22","149.130383228466","0.1559123080375966"
"2019-06-21","148.187514486451","0.1551423263872522"
"2019-06-20","150.309313399277","0.21477499764743063"
"2019-06-19","151.988468454784","0.17240885672702203"
"2019-06-18","149.558677886143","0.15085434189630897"
"2019-06-17","149.510083331942","0.2089752539737707"
"2019-06-16","149.454807814735","0.11766991964301844"
"2019-06-15","148.203565424597","0.18627495055716953"
"2019-06-14","148.74702118563","0.16329697883752856"
"2019-06-13","148.524523625244","0.134057506454535"
"2019-06-12","149.733175597032","0.11689239914007593"
"2019-06-11","150.643081945367","0.1578332240913586"
"2019-06-10","151.589059137243","0.19651823146061392"
"2019-06-09","149.2711756492","0.11321989990541702"
"2019-06-08","151.482557850645","0.177964564794955"
"2019-06-07","155.638557707107","0.14972598683027064"
"2019-06-06","156.860354589559","0.14682798199073055"
"2019-06-05","149.871217826598","0.15947951433416557"
"2019-06-04","153.490121628205","0.1445300498354318"
"2019-06-03","151.041927679644","0.14991837765452093"
"2019-06-02","159.042439370906","0.12761080165007935"
"2019-06-01","155.667930399539","0.16563597239539724"
"2019-05-31","157.471210812149","0.1903360748609082"
"2019-05-30","156.410147858332","0.19768103010841606"
"2019-05-29","160.276055143033","0.18915344085049227"
"2019-05-28","149.651432266984","0.1782291037080225"
"2019-05-27","154.268671994233","0.1783909099253044"
"2019-05-26","149.902535033579","0.12642604248373635"
"2019-05-25","152.330399192829","0.1333302945904672"
"2019-05-24","148.511451263677","0.16420165700802208"
"2019-05-23","150.255100959905","0.16042081346979709"
"2019-05-22","152.937960345501","0.17944852900932645"
"2019-05-21","151.137456258065","0.1470379976454986"
"2019-05-20","153.899019878769","0.16658985442790447"
"2019-05-19","156.349437723927","0.1677218790551158"
"2019-05-18","160.249891007412","0.17789183604157463"
"2019-05-17","157.69490404696","0.22139268631799683"
"2019-05-16","148.916086181794","0.26315052334382916"
"2019-05-15","151.921303353101","0.19431243892080752"
"2019-05-14","150.212792057788","0.13898589580351256"
"2019-05-13","144.581206677593","0.12116123916977088"
"2019-05-12","146.931587422303","0.09503430413943759"
"2019-05-11","144.372559651563","0.09802329895671451"
"2019-05-10","143.53122276812","0.1001148645613049"
"2019-05-09","142.397432377588","0.09123721943017371"
"2019-05-08","141.771591655593","0.09776693138436184"
"2019-05-07","143.974025254782","0.12126471109684152"
"2019-05-06","141.165458195033","0.09617051977879518"
"2019-05-05","144.83039135836","0.08168122411564853"
"2019-05-04","147.084996276776","0.08125016842856395"
"2019-05-03","139.2488162461","0.09260786503083485"
"2019-05-02","142.286429090152","0.19806762951831347"
"2019-05-01","143.653874849061","0.07802200123600155"
"2019-04-30","143.133415898716","0.0752082915095108"
"2019-04-29","142.321703343671","0.07481450001684363"
"2019-04-28","139.386152643941","0.07137982236112216"
"2019-04-27","141.955500472905","0.07306340838824464"
"2019-04-26","138.065187452246","0.0943739846235676"
"2019-04-25","138.492361933253","0.07114957265393318"
"2019-04-24","137.128914601247","0.09100549651272968"
"2019-04-23","138.210702704659","0.09134423924730861"
"2019-04-22","141.777574958503","0.08587616164517732"
"2019-04-21","140.471855072897","0.08377357860287384"
"2019-04-20","138.118341364123","0.07347187462167604"
"2019-04-19","140.452737448713","0.0933249100464075"
"2019-04-18","137.501580136766","0.11205490588430331"
"2019-04-17","137.668681769967","0.1056490291000266"
"2019-04-16","140.695607545142","0.10482343972771391"
"2019-04-15","143.452320108269","0.09146588902686316"
"2019-04-14","143.446452506932","0.09462512369565693"
"2019-04-13","142.611569200023","0.08878391771731105"
"2019-04-12","139.635089377869","0.09602505564841873"
"2019-04-11","139.977058473162","0.10531993642576336"
"2019-04-10","140.323204447125","0.1428942428044114"
"2019-04-09","137.810904609262","0.10643250784944681"
"2019-04-08","136.099696882773","0.12176777991014134"
"2019-04-07","136.700154497132","0.1073450103282204"
"2019-04-06","137.668706044968","0.10181954167286708"
"2019-04-05","135.523329039011","0.10494362949557491"
"2019-04-04","134.975462595713","0.11837602848304711"
"2019-04-03","131.208612949128","0.14303036333518737"
"2019-04-02","132.17951090543","0.12295857180258203"
"2019-04-01","134.472680655086","0.10066169258563709"
"2019-03-31","127.860201133348","0.08557688642504425"
"2019-03-30","126.643179448144","0.08151646317767192"
"2019-03-29","132.055429092654","0.10864831887963311"
"2019-03-28","130.955275938531","0.09396682971605677"
"2019-03-27","131.649966595234","0.11156744963861404"
"2019-03-26","132.024509057796","0.09655102800702377"
"2019-03-25","137.164857296365","0.0899381776948402"
"2019-03-24","137.48883997885","0.08566902764278354"
"2019-03-23","136.50729163688","0.08478462694687364"
"2019-03-22","136.620477212782","0.09975677051859173"
"2019-03-21","137.330445396475","0.12320450741252378"
"2019-03-20","139.949251297753","0.08594371442854842"
"2019-03-19","134.334119500687","0.0937002000888439"
"2019-03-18","138.783552148688","0.6164287662204728"
"2019-03-17","141.188232748458","0.0867234219296898"
"2019-03-16","142.631825206676","0.07616618487284932"
"2019-03-15","138.215511913921","0.081329122098644"
"2019-03-14","137.69585800244","0.07391040151725567"
"2019-03-13","136.355149527378","0.07938965262532194"
"2019-03-12","138.488504454074","0.08384114497982559"
"2019-03-11","139.259346164309","0.08616316311430702"
"2019-03-10","142.069370541774","0.08781106863710254"
"2019-03-09","139.052503034787","0.08861681394200069"
"2019-03-08","142.646384971824","0.09563127993185239"
"2019-03-07","141.955624561301","0.09775881428135826"
"2019-03-06","141.590025243034","0.09818859969079882"
"2019-03-05","141.636781920635","0.09756003775836745"
"2019-03-04","139.476203485556","0.08646281088950512"
"2019-03-03","141.02482751791","0.08730432343969115"
"2019-03-02","142.525037737313","0.08979353330181299"
"2019-03-01","141.264233626206","0.0967001189802697"
"2019-02-28","147.95899025423","0.13567151612178227"
"2019-02-27","147.535698771532","0.11860960471385511"
"2019-02-26","147.548233225137","0.12869284216710833"
"2019-02-25","145.590427728742","0.1258749675618063"
"2019-02-24","148.267805123807","0.11663257220977742"
"2019-02-23","152.167261181759","0.1275131181235092"
"2019-02-22","142.712018187329","0.11814960102435354"
"2019-02-21","144.50411187651","0.11858995134276529"
"2019-02-20","144.105230207186","0.1290845299018445"
"2019-02-19","145.484950797455","1.2004922640880908"
"2019-02-18","136.000656275496","0.13853311367378343"
"2019-02-17","133.50968167416","0.10627477192067587"
"2019-02-16","136.456462954955","0.09663457347230346"
"2019-02-15","132.82812531316","0.10488307739595645"
"2019-02-14","133.28374610822","0.09969418546986716"
"2019-02-13","135.767157664289","0.08757391348682338"
"2019-02-12","140.731465031325","0.08734155670618705"
"2019-02-11","135.542707067222","0.08964564375695681"
"2019-02-10","139.288744051534","0.08886750933358828"
"2019-02-09","134.401376787132","0.08275858702537368"
"2019-02-08","135.154809483648","0.0815316890491179"
"2019-02-07","132.878994102352","0.07296798243804489"
"2019-02-06","132.998856018112","0.0683550489729017"
"2019-02-05","134.191119697227","0.06903745397480204"
"2019-02-04","135.01509454893","0.0679615360776839"
"2019-02-03","132.383443416732","0.06338560547331323"
"2019-02-02","134.751169715058","0.06916850666509439"
"2019-02-01","135.148694514003","0.07664508512790255"
"2019-01-31","140.789486621411","0.0798347346327387"
"2019-01-30","137.81590055295","0.06805300685247219"
"2019-01-29","137.815388258963","0.06050699525794689"
"2019-01-28","147.271706488026","0.06934870748627509"
"2019-01-27","159.060007766933","0.06182086470401813"
"2019-01-26","160.871167529152","0.06747641657472443"
"2019-01-25","166.364665812304","0.07396995175278513"
"2019-01-24","165.183877143532","0.0794137232331244"
"2019-01-23","159.055214955579","0.07501339301142322"
"2019-01-22","168.96988130775","0.09476720561858518"
"2019-01-21","167.526416236438","0.07072832932580962"
"2019-01-20","173.357243063141","0.06712864801717335"
"2019-01-19","173.476212102937","0.07585040700392184"
"2019-01-18","167.320288607267","0.08196031724033333"
"2019-01-17","166.10240737391","0.07820647437906075"
"2019-01-16","167.720642730983","0.10419829573195252"
"2019-01-15","175.744789938485","0.09421653831531279"
"2019-01-14","171.554771517955","0.11290297208457832"
"2019-01-13","170.155157640466","0.06376585064109451"
"2019-01-12","168.355793721484","0.06786426157156238"
"2019-01-11","173.485439985883","0.0763977347506115"
"2019-01-10","172.356757363243","0.07953511258986569"
"2019-01-09","175.546308730797","0.08013625981809953"
"2019-01-08","171.793873239685","0.08430517977728919"
"2019-01-07","175.407798833552","0.09179252255456512"
"2019-01-06","174.326549308663","0.09589864077098341"
"2019-01-05","171.579870752989","0.14925897589343695"
"2019-01-04","166.608668157402","0.10063567675141635"
"2019-01-03","167.335745541485","0.08085983830297082"
"2019-01-02","166.443039624893","0.09070768809342776"
"2019-01-01","162.97415381486","0.09399959978118423"
"2018-12-31","171.623297371615","0.08324182823404983"
"2018-12-30","169.836198082701","0.1699911690959574"
"2018-12-29","168.238279350834","0.08272115232949341"
"2018-12-28","167.640798691882","0.08594576159542976"
"2018-12-27","170.449962437099","0.07057230643500291"
"2018-12-26","174.295517890345","0.11804707810024898"
"2018-12-25","169.665325524238","0.10502792782423695"
"2018-12-24","163.777457584912","0.10047542809862457"
"2018-12-23","156.202600034175","0.08636154753952402"
"2018-12-22","155.51860538381","0.07573757633739187"
"2018-12-21","152.915550472438","0.07560488066298324"
"2018-12-20","151.982131770278","0.08436710645471825"
"2018-12-19","152.598336471539","0.07521478594007604"
"2018-12-18","150.604633509608","0.11934343549380118"
"2018-12-17","152.839127185694","0.06462683450170602"
"2018-12-16","155.388864535668","0.05007773637596121"
"2018-12-15","157.318785133229","0.0508697361117008"
"2018-12-14","154.347722065728","0.08615803321880415"
"2018-12-13","156.605264591044","0.06572365432499423"
"2018-12-12","158.864467069301","0.06139947190858444"
"2018-12-11","162.786715038041","0.06258627253390893"
"2018-12-10","168.745737780033","0.06497030893569822"
"2018-12-09","161.514018582432","0.062414506671139944"
"2018-12-08","160.964857664697","0.057560659391244655"
"2018-12-07","163.215428887761","0.07913869770530578"
"2018-12-06","171.311183441143","0.07748829584618035"
"2018-12-05","167.071928099472","0.11057347907503928"
"2018-12-04","172.435580405375","0.11679172183963296"
"2018-12-03","169.139646494715","0.11753972537954717"
"2018-12-02","170.165151263732","0.12000135757716465"
"2018-12-01","176.124132494993","0.13035914410226365"
"2018-11-30","169.767084546403","0.16578383810236888"
"2018-11-29","171.464887996642","0.15444292045093955"
"2018-11-28","167.398474695764","0.12510956806447024"
"2018-11-27","174.606940433662","0.09324244761776185"
"2018-11-26","189.338653907218","0.09902786044827928"
"2018-11-25","192.822890229891","0.11443511676031716"
"2018-11-24","195.303848708201","0.10306565301619525"
"2018-11-23","195.779223254086","0.1144178804299607"
"2018-11-22","193.500462008173","0.11028018634564066"
"2018-11-21","198.134141964005","0.12264224979847967"
"2018-11-20","204.069488969823","0.1317247762362113"
"2018-11-19","208.096742532903","0.14916946688844268"
"2018-11-18","213.2438735809","0.1658300828889007"
"2018-11-17","213.210343724824","0.13921358714334903"
"2018-11-16","221.054978189658","0.16935890052396757"
"2018-11-15","216.108529117486","0.1982487640344371"
"2018-11-14","215.19327182587","0.17542003145617507"
"2018-11-13","213.962694328426","0.17567572888599892"
"2018-11-12","214.923373873665","0.1616806622957122"
"2018-11-11","218.394458192028","0.10956694731389356"
"2018-11-10","212.216978193342","0.1284637834886958"
"2018-11-09","211.797077859896","0.15626788697240718"
"2018-11-08","215.069432893512","0.20768338004921444"
"2018-11-07","213.547684633239","0.1796216751985796"
"2018-11-06","211.546167486306","0.18574552397611377"
"2018-11-05","210.275971039717","0.17979108386988282"
"2018-11-04","214.518285771464","0.145254248065002"
"2018-11-03","212.496766272378","0.1559234858801994"
"2018-11-02","211.08636611911","0.16166706652297352"
"2018-11-01","215.189927420067","0.13657990746460258"
"2018-10-31","221.491092556589","0.14233212620714641"
"2018-10-30","216.781646006315","0.1359816226954253"
"2018-10-29","215.84365090758","0.1350579670295533"
"2018-10-28","219.971580371983","0.13215291563288722"
"2018-10-27","220.879014390634","0.14234932566099462"
"2018-10-26","217.187797774185","0.174974856660983"
"2018-10-25","221.237120767052","0.2020100609305655"
"2018-10-24","223.07388167946","0.17729614283705747"
"2018-10-23","221.32704963376","0.14723878026326492"
"2018-10-22","218.673479319769","0.139097854471961"
"2018-10-21","221.759199258696","0.13195351738906108"
"2018-10-20","225.149011855453","0.13873367989755303"
"2018-10-19","225.604929684766","0.13805988340550962"
"2018-10-18","230.12336587915","0.12773639128696496"
"2018-10-17","226.314332298216","0.13432176201217214"
"2018-10-16","226.840177531657","0.125725326302688"
"2018-10-15","226.857315430138","0.14933552718183976"
"2018-10-14","230.441568952891","0.11102780618963008"
"2018-10-13","228.530774581758","0.12380481722568833"
"2018-10-12","231.175649778048","0.21343333202177467"
"2018-10-11","228.892460352784","0.15758042799163996"
"2018-10-10","235.21725519181","0.19385020744841142"
"2018-10-09","234.135588706204","0.16333595720420904"
"2018-10-08","236.896328702128","0.18093905574514096"
"2018-10-07","236.595210572551","0.14162816678595716"
"2018-10-06","234.406959021187","0.10896325431164647"
"2018-10-05","231.337374882666","0.16354968382164828"
"2018-10-04","232.008831997591","0.17433097113059412"
"2018-10-03","226.830905371594","0.17421739144056314"
"2018-10-02","229.717982076592","0.2970446843732439"
"2018-10-01","228.645127507416","0.295324672426543"
"2018-09-30","230.7787750032","0.2529432477053838"
"2018-09-29","230.510186583775","0.35268059784408595"
"2018-09-28","231.880136166556","0.2742515585638068"
"2018-09-27","230.760791300972","0.25832563953530724"
"2018-09-26","232.261931143013","0.2331656553790562"
"2018-09-25","227.992340979858","0.21579561568727268"
"2018-09-24","229.653699977196","0.32219957666111426"
"2018-09-23","228.620944102667","0.19331724946969148"
"2018-09-22","229.091363000662","0.21416643004557528"
"2018-09-21","219.201942846611","0.3080974202031891"
"2018-09-20","221.119792230086","0.2221306726367868"
"2018-09-19","224.706031211678","0.2878977244122593"
"2018-09-18","219.688495756234","0.2273384107568185"
"2018-09-17","220.988981879115","0.1571534806423012"
"2018-09-16","221.436593039961","0.17767438465895363"
"2018-09-15","220.35098534727","0.17900635633081796"
"2018-09-14","220.722812660863","0.1615050595460947"
"2018-09-13","211.959920568422","0.20491362423965911"
"2018-09-12","219.197793297867","0.16631521562030432"
"2018-09-11","222.123363199012","0.1694016328525937"
"2018-09-10","223.921019911589","0.15655573318237678"
"2018-09-09","219.210938101049","0.14975382066413798"
"2018-09-08","231.97696896899","0.14639815373769202"
"2018-09-07","232.869908876569","0.18733005398822308"
"2018-09-06","238.042227628032","0.1988318576671377"
"2018-09-05","236.870845086168","0.13536822083526612"
"2018-09-04","234.713707220388","0.22261228723952625"
"2018-09-03","232.078418585871","0.17017115547859818"
"2018-09-02","236.253469470198","0.15729927996167714"
"2018-09-01","233.263706817913","0.16204808442985635"
"2018-08-31","238.818913771003","0.21897002605517465"
"2018-08-30","234.847459052617","0.21135984049366296"
"2018-08-29","235.57997243499","0.28010487967024456"
"2018-08-28","238.304234639936","0.18392604194127624"
"2018-08-27","240.353361991991","0.16563512198954403"
"2018-08-26","245.769497400906","0.4525488903503697"
"2018-08-25","240.10479199335","0.1608693927675472"
"2018-08-24","236.150389351092","0.4988855181924724"
"2018-08-23","233.869336368896","0.27536970142809936"
"2018-08-22","246.303554038379","0.40465383168690855"
"2018-08-21","242.586965178986","0.1751678296257684"
"2018-08-20","239.943988093224","0.16630479475903173"
"2018-08-19","238.098092445583","0.1972438405784231"
"2018-08-18","234.338428605679","0.20806914005504387"
"2018-08-17","235.474224369537","1.003640839290669"
"2018-08-16","236.343800007457","0.2092357107881283"
"2018-08-15","242.200146796536","0.25580214533180257"
"2018-08-14","244.230129884131","0.23985249407811277"
"2018-08-13","237.8771782421","0.21555113423963373"
"2018-08-12","235.795736531728","0.17953987317012735"
"2018-08-11","244.631888362562","0.24921324734974248"
"2018-08-10","245.726480122082","0.8189945031192278"
"2018-08-09","247.498854681999","1.6840009050026072"
"2018-08-08","247.709179433085","1.8029822485874387"
"2018-08-07","242.499540012759","0.7997396445859944"
"2018-08-06","246.449693094132","0.24725856613839317"
"2018-08-05","244.944693996486","0.1525716251924593"
"2018-08-04","247.710838881792","0.22641234848023367"
"2018-08-03","238.112969100474","0.19058940572050453"
"2018-08-02","240.828407666852","0.17597509208585482"
"2018-08-01","238.51984359779","0.41352598400895185"
"2018-07-31","241.849167200002","0.2061575793384192"
"2018-07-30","245.949346383759","0.20651422789654506"
"2018-07-29","247.445700235979","0.19799005306450254"
"2018-07-28","245.898193851946","0.34024162836155714"
"2018-07-27","239.58644814175","0.2160840815021464"
"2018-07-26","239.016674022117","0.24971663174925499"
"2018-07-25","237.388042033475","0.266177236676724"
"2018-07-24","230.550355514216","0.289670628340677"
"2018-07-23","238.572166934394","0.3304835143311757"
"2018-07-22","231.379787393801","0.2489763751181656"
"2018-07-21","224.638320028577","0.44008401999704283"
"2018-07-20","231.640159968137","0.37199590694449014"
"2018-07-19","230.299430685117","0.2753875255628639"
"2018-07-18","231.846235609032","0.30716303469882433"
"2018-07-17","235.329651653222","0.3609050529724731"
"2018-07-16","233.329632551558","0.3954166777283644"
"2018-07-15","240.401580848252","3.5224904906418226"
"2018-07-14","238.046614176893","2.499974797153801"
"2018-07-13","237.418531398825","1.173037273279628"
"2018-07-12","238.768687741443","1.0207017213767076"
"2018-07-11","230.452800662537","0.581527693456674"
"2018-07-10","234.215186077569","0.45971837599134197"
"2018-07-09","239.472361991677","0.7936438525653219"
"2018-07-08","227.715052676006","1.0639872226750706"
"2018-07-07","237.551339471863","2.9927972027719574"
"2018-07-06","237.588181067039","3.425129628288997"
"2018-07-05","239.330472152888","2.2675820363539043"
"2018-07-04","232.249910266823","3.065402117656226"
"2018-07-03","232.365532950164","3.237123409081208"
"2018-07-02","232.814643887435","5.700029262117273"
"2018-07-01","227.094807277669","2.3490336824639586"
"2018-06-30","235.798670270873","1.4262590849601458"
"2018-06-29","225.38846752451","0.23307649441207048"
"2018-06-28","227.192114011679","0.20863839050364685"
"2018-06-27","235.988324967149","0.22226977736839143"
"2018-06-26","223.716137019339","0.22950389832815205"
"2018-06-25","222.789893041512","0.2892484784363474"
"2018-06-24","235.21501095748","0.3482075270130039"
"2018-06-23","232.795706853636","0.24408018856717542"
"2018-06-22","230.965772967199","0.530097286654412"
"2018-06-21","234.996372536243","0.2907712538002826"
"2018-06-20","227.482160292696","0.29176222085041326"
"2018-06-19","230.642694151332","0.32123448057699544"
"2018-06-18","234.104431641545","0.24622513248447064"
"2018-06-17","225.611671461035","0.2375177731109063"
"2018-06-16","223.819482572462","0.4474128669688042"
"2018-06-15","217.961270011867","0.38319042217168847"
"2018-06-14","218.663151928398","0.35365307480853314"
"2018-06-13","217.645406940613","0.2895379398293888"
"2018-06-12","220.438203180988","0.29689967428605124"
"2018-06-11","211.892917628503","0.32586078579949884"
"2018-06-10","212.314648981598","0.296786651045866"
"2018-06-09","214.484503580241","0.34014796706759753"
"2018-06-08","210.162786482889","0.45666244936724354"
"2018-06-07","206.405105067114","0.49023962471237603"
"2018-06-06","206.23499840861","0.649626920499122"
"2018-06-05","209.225010050964","0.49363883973098693"
"2018-06-04","207.369965128435","0.5397901455795796"
"2018-06-03","208.278832186073","0.4510022250589087"
"2018-06-02","208.194602912035","0.46461712251986254"
"2018-06-01","205.168854811765","0.6685412191786962"
"2018-05-31","212.384044496336","0.7420556773273697"
"2018-05-30","206.273323343627","0.5909089607421597"
"2018-05-29","210.511859163796","0.5732744877072776"
"2018-05-28","213.461616972476","0.5145857365386497"
"2018-05-27","209.631977730149","0.40184614120050893"
"2018-05-26","215.398511096714","0.4573375755002878"
"2018-05-25","208.907688811843","0.4972714131569488"
"2018-05-24","207.548724230976","0.532235324665587"
"2018-05-23","212.964530178394","0.5417987778642909"
"2018-05-22","215.450235805087","0.6026478906905666"
"2018-05-21","219.944802398881","0.5943078129097525"
"2018-05-20","216.097414966814","0.5550730123569967"
"2018-05-19","210.798102516247","0.5437943430532477"
"2018-05-18","211.153624577038","0.6234630557217955"
"2018-05-17","216.68174716756","0.6316351293639331"
"2018-05-16","214.734619355162","0.6275069402331989"
"2018-05-15","216.511575505669","0.610627661008273"
"2018-05-14","216.755977435142","0.604750697250804"
"2018-05-13","226.559139163737","0.5008288822623411"
"2018-05-12","224.230485553241","0.43354686411899357"
"2018-05-11","218.64907863561","0.5936980451234257"
"2018-05-10","215.819907944445","0.6261755259053023"
"2018-05-09","216.827992655708","0.4704347967223872"
"2018-05-08","221.913643187806","0.45489948539717"
"2018-05-07","224.723006242291","0.4201179729163656"
"2018-05-06","218.233145645512","0.435285442534387"
"2018-05-05","215.415825287982","0.44066061480286334"
"2018-05-04","208.795678470357","0.4272815162575169"
"2018-05-03","208.134324332907","0.5282130727025128"
"2018-05-02","205.755317549118","0.4152079928767791"
"2018-05-01","202.635327099342","0.4184558626982887"
"2018-04-30","211.792450475728","0.4856988923977813"
"2018-04-29","215.420897576629","0.497318557908791"
"2018-04-28","206.892880745087","0.45687123681403924"
"2018-04-27","208.473760440079","0.4131919804862863"
"2018-04-26","218.176897696322","0.38635687585521866"
"2018-04-25","210.848383934189","0.3501698634251068"
"2018-04-24","207.343088240388","0.4132415760804904"
"2018-04-23","212.671935730746","0.3126698455365064"
"2018-04-22","215.08450844013","0.2966580193993675"
"2018-04-21","215.752510545132","0.282216805229248"
"2018-04-20","203.107734087753","0.3295630413797035"
"2018-04-19","208.362798234848","0.30967087843127794"
"2018-04-18","206.452947804127","0.31470239796503174"
"2018-04-17","211.565607912432","0.2432407608522927"
"2018-04-16","213.810192584462","0.25685299223457936"
"2018-04-15","215.74558650987","0.25132823013670647"
"2018-04-14","214.516293818445","0.26102016082277407"
"2018-04-13","211.535779416857","0.3005538476757255"
"2018-04-12","213.846905861667","0.2699952098417888"
"2018-04-11","217.107126913921","0.23004917267304706"
"2018-04-10","220.416875711553","0.21188282873204853"
"2018-04-09","214.36636614086","0.19973212809258067"
"2018-04-08","223.795899816208","0.18936055925359307"
"2018-04-07","226.624759202395","0.17415177550637556"
"2018-04-06","228.030456596794","0.2011618772214043"
"2018-04-05","220.861570817952","0.26857767358487744"
"2018-04-04","220.902421072034","0.17061115926133189"
"2018-04-03","217.333960674245","0.21350798976106447"
"2018-04-02","225.561468179927","0.1976461285114895"
"2018-04-01","225.564639847431","0.1740641283678905"
"2018-03-31","223.365272782247","0.18980692922044703"
"2018-03-30","220.794456635782","0.21883266133546725"
"2018-03-29","216.246062011809","0.2564443140753333"
"2018-03-28","224.39052914546","0.2823001070503837"
"2018-03-27","224.51833459859","0.27827603277102897"
"2018-03-26","231.687864597185","0.33971321383003156"
"2018-03-25","227.641048510001","0.331332801621165"
"2018-03-24","225.694736363978","0.3261426167067483"
"2018-03-23","226.848728210266","0.35735843191122363"
"2018-03-22","224.568132771111","0.3710813246316178"
"2018-03-21","224.062832998146","0.3536103003742639"
"2018-03-20","226.306024107508","0.3189781009744293"
"2018-03-19","226.806189978023","0.29469300404068877"
"2018-03-18","224.223571589337","0.2862368230617742"
"2018-03-17","221.156797342978","0.28998183947524653"
"2018-03-16","224.276900325795","0.38822889617222084"
"2018-03-15","215.208153472271","0.36750090495700777"
"2018-03-14","212.0814556974","0.38461450116759094"
"2018-03-13","215.620512383055","0.38658144877534956"
"2018-03-12","215.211219909577","0.5276840659317373"
"2018-03-11","217.114640586278","0.426390998236245"
"2018-03-10","216.111293829749","0.46032694692415427"
"2018-03-09","215.428799537277","0.5587536745777857"
"2018-03-08","219.44558765476","0.5478393315638421"
"2018-03-07","218.729463688427","0.5852105150684213"
"2018-03-06","212.663251158676","0.5883416243312677"
"2018-03-05","213.608645893883","0.7172212646942644"
"2018-03-04","213.812046678849","0.7415557753293147"
"2018-03-03","219.709774395719","0.6456897075376541"
"2018-03-02","210.19603654477","0.8435720423103079"
"2018-03-01","211.130525144048","0.7255905718740332"
"2018-02-28","208.37379102357","0.8852655731240606"
"2018-02-27","202.228545186468","0.7110390459662735"
"2018-02-26","203.546425678813","0.6414393462535596"
"2018-02-25","209.969255002257","0.6695663230736536"
"2018-02-24","201.53737514286","0.7132933829905889"
"2018-02-23","203.665814877311","0.7312426866508095"
"2018-02-22","202.625037187645","0.6511758483935924"
"2018-02-21","197.124985377759","0.7327342921052671"
"2018-02-20","197.342378672173","0.7442874805247479"
"2018-02-19","203.290132465259","0.7584464049603611"
"2018-02-18","208.065503877202","0.927480938350848"
"2018-02-17","207.866862875552","0.8573694095445303"
"2018-02-16","206.24948918024","0.8018211019389903"
"2018-02-15","199.745079136574","0.7591388439693793"
"2018-02-14","200.314386120629","0.7917800019922341"
"2018-02-13","205.132131813379","0.7112852921636763"
"2018-02-12","202.553084379551","0.672707733883785"
"2018-02-11","203.372734971481","0.68068500572835"
"2018-02-10","197.688826120017","0.7640838805686695"
"2018-02-09","197.655031365765","0.7765526026153826"
"2018-02-08","196.114850536353","0.7768926686362464"
"2018-02-07","194.19992450935","0.7840007713751684"
"2018-02-06","191.145368722341","0.8223138740366402"
"2018-02-05","194.355581995951","0.6907448769068035"
"2018-02-04","190.328128272481","0.8825295382716531"
"2018-02-03","191.201432267329","1.0468887311395378"
"2018-02-02","184.043379484054","1.1187253974992843"
"2018-02-01","178.354647795521","1.5667607440905766"
"2018-01-31","178.845352278194","1.3353779880273535"
"2018-01-30","176.358357997515","1.2329491616642767"
"2018-01-29","177.755789033078","1.5815492895312193"
"2018-01-28","174.206320110928","1.2130815530559111"
"2018-01-27","172.705414531101","1.0723731753707313"
"2018-01-26","171.079878148833","1.0462846526290446"
"2018-01-25","171.535736804353","1.4009019632690891"
"2018-01-24","169.700035683395","1.4813918157171206"
"2018-01-23","163.811879163118","1.5270146189390645"
"2018-01-22","163.172510943241","1.2202897873673983"
"2018-01-21","159.55180271173","1.3672271904873705"
"2018-01-20","160.672859838259","2.0790608682989284"
"2018-01-19","149.282205965686","1.8424931344291322"
"2018-01-18","146.717171263703","1.8200316901981008"
"2018-01-17","145.567669422814","1.640727622903452"
"2018-01-16","140.749647133424","1.851616675845361"
"2018-01-15","137.458337423558","2.3660316482527413"
"2018-01-14","141.263834590895","2.8165712700173624"
"2018-01-13","133.656082523812","2.822330211806955"
"2018-01-12","131.679180244434","2.61245013891808"
"2018-01-11","130.416536676137","3.0113354015870084"
"2018-01-10","125.733414443027","3.866405819460269"
"2018-01-09","125.088733229398","3.1707900956243606"
"2018-01-08","125.617216361446","2.7486418515734647"
"2018-01-07","124.818797278169","2.7845654886135875"
"2018-01-06","119.055791298298","2.987796972886767"
"2018-01-05","119.500373516827","2.3978249312445903"
"2018-01-04","119.658816762405","1.0467248709649049"
"2018-01-03","122.109163710093","0.9453745284310536"
"2018-01-02","128.089550649587","0.788373046026554"
"2018-01-01","132.723273487665","0.6391987116293326"
"2017-12-31","131.233773849176","0.682874245406068"
"2017-12-30","125.258114232807","0.6108503164149278"
"2017-12-29","125.289579777463","0.6903896540551306"
"2017-12-28","130.652147860559","0.6284288337504566"
"2017-12-27","128.716194449206","0.6704677925896316"
"2017-12-26","129.462668428294","0.6850554105246172"
"2017-12-25","129.442318639037","0.7422165767918367"
"2017-12-24","126.238319379976","0.9304478954025522"
"2017-12-23","123.378968185371","0.9525720498501911"
"2017-12-22","112.898519571849","1.0141426062842787"
"2017-12-21","112.321664156323","1.3025150678919493"
"2017-12-20","110.650112745095","1.3999484556547421"
"2017-12-19","112.619377488189","1.1219739568370228"
"2017-12-18","119.358781773985","0.9301473401811526"
"2017-12-17","117.418149552427","0.9756607801969643"
"2017-12-16","116.325703199799","1.1386104939172135"
"2017-12-15","115.249357163089","1.109381798035765"
"2017-12-14","108.16219742155","1.2695230588927848"
"2017-12-13","105.685299641554","1.114747962019405"
"2017-12-12","102.95910662988","1.22228860026114"
"2017-12-11","104.854114315047","0.9357245490467027"
"2017-12-10","103.684985015986","1.1909356901634809"
"2017-12-09","104.509428767303","1.4524187567168807"
"2017-12-08","104.346122886548","1.3985188484717839"
"2017-12-07","99.3671157070197","1.4669391275915007"
"2017-12-06","93.0125866264087","0.8449710128180852"
"2017-12-05","95.5687193536339","0.7820293164493828"
"2017-12-04","100.478076118898","0.5349378337692658"
"2017-12-03","105.38311619317","0.2725190607784418"
"2017-12-02","110.027601909666","0.2523521321123735"
"2017-12-01","109.709686318314","0.3084110130463281"
"2017-11-30","109.82114071111","0.28312654274446747"
"2017-11-29","107.542912843714","0.28725795584828473"
"2017-11-28","106.374293603035","0.3099072166431442"
"2017-11-27","108.314054830916","0.28967297377310597"
"2017-11-26","110.937699273197","0.30915189291905815"
"2017-11-25","112.097111787174","0.24078153789861073"
"2017-11-24","111.800532330302","0.2810844593528448"
"2017-11-23","108.864341447594","0.28058604297768064"
"2017-11-22","105.703758818619","0.25469000064467184"
"2017-11-21","105.14219570502","0.25080811762146454"
"2017-11-20","106.453718134858","0.2589770956196039"
"2017-11-19","101.724230974354","0.21627882651877042"
"2017-11-18","99.9726031152008","0.19319222464373148"
"2017-11-17","101.262336202578","0.24400972888931677"
"2017-11-16","99.5042817126193","0.23711524188705702"
"2017-11-15","102.8127013911","0.2525045788012716"
"2017-11-14","102.655925816302","0.23590965796020855"
"2017-11-13","104.994311281487","0.22027944772558325"
"2017-11-12","107.4971772437","0.21059238928761811"
"2017-11-11","104.296269610574","0.18674425415987256"
"2017-11-10","104.249850443729","0.19108772026784035"
"2017-11-09","101.857378975286","0.22217142331258505"
"2017-11-08","104.981552205758","0.2450230945032916"
"2017-11-07","101.544093639577","0.19559541207829634"
"2017-11-06","102.873444705313","0.1565453889923744"
"2017-11-05","104.939884863836","0.14190141507822407"
"2017-11-04","100.780856078753","0.15957316142808523"
"2017-11-03","101.962878613893","0.17547029931390654"
"2017-11-02","102.508977772303","0.20096699714630017"
"2017-11-01","107.001857541674","0.203924230797747"
"2017-10-31","106.195314567289","0.19379365610605503"
"2017-10-30","101.715958382518","0.16991864062691203"
"2017-10-29","104.655372220927","0.14937167737084847"
"2017-10-28","106.040932264331","0.14685472990087983"
"2017-10-27","104.392884587288","0.18176991138955198"
"2017-10-26","102.415954282138","0.1746327879583517"
"2017-10-25","106.131269706909","0.18810683603318423"
"2017-10-24","108.247243300173","0.21558347379946885"
"2017-10-23","105.382317005987","0.16435387657014777"
"2017-10-22","107.55463821714","0.1327984476558374"
"2017-10-21","106.037269596029","0.14910549630981074"
"2017-10-20","104.522701263849","0.27342693357816633"
"2017-10-19","105.483531096441","0.17716655502776069"
"2017-10-18","101.734299739261","0.1993644313502006"
"2017-10-17","100.210426135989","0.20156691999017906"
"2017-10-16","101.326021296086","0.27609161612006"
"2017-10-15","100.315271244646","0.39387411407672196"
"2017-10-14","97.4873010874583","0.40652292525607453"
"2017-10-13","101.43149843024","0.4210210666500814"
"2017-10-12","97.7286688377333","0.3514913649085801"
"2017-10-11","101.191949673399","0.8232128301731957"
"2017-10-10","98.3059043526499","0.35589110035798527"
"2017-10-09","97.7743151267973","0.34280375401065827"
"2017-10-08","97.1255459684528","0.3717729932678709"
"2017-10-07","94.3170232315821","0.3384940901121211"
"2017-10-06","96.0291254220148","0.42014637269728583"
"2017-10-05","101.20220752605","0.39275905829963303"
"2017-10-04","96.7407095802861","0.36627335558196583"
"2017-10-03","94.0446032716551","0.3390660174191246"
"2017-10-02","94.0917549253502","0.34560578440601586"
"2017-10-01","94.9838097876945","0.3826794057911177"
"2017-09-30","91.2249816456851","0.3793206983678317"
"2017-09-29","91.7942628166932","0.29539778084226914"
"2017-09-28","95.8252886549484","0.34010084386634726"
"2017-09-27","97.9969797932399","0.42454304803286363"
"2017-09-26","96.6542998771498","0.36409428422656775"
"2017-09-25","95.5793133520287","0.3681431652625095"
"2017-09-24","100.165139480755","0.44601393179471904"
"2017-09-23","98.8831996375674","0.3458407930812501"
"2017-09-22","102.085919690973","0.29722978662251764"
"2017-09-21","101.506842803271","0.26592104934415606"
"2017-09-20","99.2364034411337","0.5755851469872677"
"2017-09-19","99.9695400604929","0.3245727788846618"
"2017-09-18","96.8170696368565","0.32961971729737105"
"2017-09-17","100.448115483794","0.3328211273342113"
"2017-09-16","98.2334641712531","0.45119677327226293"
"2017-09-15","99.1082844803821","0.3733010585197401"
"2017-09-14","96.7568348716705","0.2422362898660654"
"2017-09-13","95.1181205728673","0.35071063613801584"
"2017-09-12","99.1424407673866","0.3774675836309979"
"2017-09-11","95.0975820463822","0.32080476029850735"
"2017-09-10","94.75707573209","0.38304428257391315"
"2017-09-09","95.6881437474321","0.35088564648995174"
"2017-09-08","97.7727062631054","0.5073085051586962"
"2017-09-07","92.553904941936","0.5509316405703912"
"2017-09-06","90.7481072233864","0.5251681520419095"
"2017-09-05","91.9596116074632","0.44557376817212346"
"2017-09-04","91.6784006125064","0.34523411048553926"
"2017-09-03","92.2390728163569","0.34606151024551846"
"2017-09-02","91.4874562525524","0.6456657118273835"
"2017-09-01","91.1417729156556","0.5162123556327441"
"2017-08-31","89.049294009372","0.7456260641837589"
"2017-08-30","91.1949530906649","0.4170034093579768"
"2017-08-29","90.3297374516435","0.4882091433384507"
"2017-08-28","85.0654272337891","0.30847718755193276"
"2017-08-27","88.6743953720925","0.2931601761734524"
"2017-08-26","89.0975456753472","0.3233678464035636"
"2017-08-25","88.6254314158027","0.2904433034400213"
"2017-08-24","88.5413238672339","0.29715648504357006"
"2017-08-23","89.982800066586","0.2679993643660501"
"2017-08-22","87.407948725128","0.2806948556143492"
"2017-08-21","87.442289512734","0.2689025543007701"
"2017-08-20","86.2592125263437","0.28181703338430797"
"2017-08-19","87.6198702967003","0.3676215880473791"
"2017-08-18","83.634626642261","0.6722376816485075"
"2017-08-17","83.3927239139768","0.4864817960877896"
"2017-08-16","82.616841210287","0.8491248963982513"
"2017-08-15","82.9264219418801","0.2658045354847779"
"2017-08-14","82.7508085903309","0.25269423530990825"
"2017-08-13","80.7979567089428","0.27173692818635514"
"2017-08-12","80.5545512359788","0.3150365027679039"
"2017-08-11","77.9387680457103","0.30767576145713177"
"2017-08-10","76.9580216223575","0.2790744445792894"
"2017-08-09","79.1175954626547","0.28435398768658166"
"2017-08-08","77.5856113735802","0.3131963173814747"
"2017-08-07","76.8026569521982","0.31009419571027624"
"2017-08-06","74.6346022752199","0.24581387184344597"
"2017-08-05","74.0523112042306","0.22482347766187263"
"2017-08-04","74.4211990288666","0.1894926161846772"
"2017-08-03","71.6332967840032","0.22418796914260844"
"2017-08-02","75.1913395137708","0.22316620771937704"
"2017-08-01","76.0306989954851","0.27222622139986946"
"2017-07-31","74.872434862261","0.18559766124566401"
"2017-07-30","74.0301957256378","0.1981172704649236"
"2017-07-29","72.2180807613518","0.21159310800109352"
"2017-07-28","71.6522508936875","0.21905709553941874"
"2017-07-27","70.9448234475259","0.23754804630595225"
"2017-07-26","71.6447571052972","0.2672525340056071"
"2017-07-25","72.0505331845941","0.29887788127364884"
"2017-07-24","69.0832737549088","0.2654746487554861"
"2017-07-23","70.9266476415322","0.25313535091745204"
"2017-07-22","68.8596932861152","0.2537086019153589"
"2017-07-21","68.6333699912864","0.287877791329562"
"2017-07-20","68.1640003328052","0.22954542918201976"
"2017-07-19","66.2776213928752","0.23047327016579797"
"2017-07-18","63.9411086799174","0.35761112947061524"
"2017-07-17","62.1766153373736","0.21437986856314217"
"2017-07-16","65.8867656208002","0.17230140603383162"
"2017-07-15","64.367412958951","0.21181328089781928"
"2017-07-14","61.6086957946447","0.21820658710228993"
"2017-07-13","63.0792520141974","0.25850398627977444"
"2017-07-12","61.8928106369583","0.2564843623533131"
"2017-07-11","63.5199742700159","0.18999097101414097"
"2017-07-10","63.759100651386","0.1760521000897454"
"2017-07-09","63.1778036707844","0.2706384376084891"
"2017-07-08","62.2299024255069","0.35454516092151145"
"2017-07-07","61.0832029214371","0.2896791257281041"
"2017-07-06","60.5727508362984","0.3140338549327767"
"2017-07-05","59.0176049316365","0.40104230124211787"
"2017-07-04","60.3721521103226","0.36089135816451184"
"2017-07-03","59.2480753882808","0.38974874471881366"
"2017-07-02","58.4100280485684","0.3658849144575539"
"2017-07-01","57.5448092799848","0.3429963373351707"
"2017-06-30","56.6527986497013","0.38608629892382"
"2017-06-29","56.0277045941703","0.5196791889020451"
"2017-06-28","54.5797242674629","0.8959859102674237"
"2017-06-27","53.8657927565391","0.36889399671532885"
"2017-06-26","53.1058343331414","0.7046780397941602"
"2017-06-25","51.5888400188367","0.4920713429407669"
"2017-06-24","50.7952316576364","0.7786593778890408"
"2017-06-23","49.8872800846871","0.5550230551038126"
"2017-06-22","49.9353708915834","0.771507612062785"
"2017-06-21","49.574364720307","1.3219727287556233"
"2017-06-20","48.6974037065674","0.8152635026221201"
"2017-06-19","47.8796893482948","0.3536973835680839"
"2017-06-18","47.6533040134503","0.3589999246286716"
"2017-06-17","46.5569294524669","0.36292530702811016"
"2017-06-16","45.5405216497313","0.36614536387003926"
"2017-06-15","44.7344469116241","0.36566282734978434"
"2017-06-14","43.6883914184236","0.3473758641859456"
"2017-06-13","42.3961091499764","0.40742359161547004"
"2017-06-12","40.9973777508649","0.6813050932464355"
"2017-06-11","41.4588290170215","0.4490097057287824"
"2017-06-10","40.8867371557105","0.34689802286330634"
"2017-06-09","38.6270756239062","0.32316406165857253"
"2017-06-08","38.6235048042064","0.3296975784801694"
"2017-06-07","38.3549266392263","0.3447802573046805"
"2017-06-06","37.1120692916544","0.3495217724707628"
"2017-06-05","36.4315779017722","0.28666428975395725"
"2017-06-04","35.6960277621075","0.3484575625772846"
"2017-06-03","34.6852021225729","0.29130451022674125"
"2017-06-02","33.8343752731406","0.3313272252403647"
"2017-06-01","34.257680473207","0.2810523363244042"
"2017-05-31","32.5617190682694","0.6784211964638277"
"2017-05-30","33.1594360005532","0.3768589668409055"
"2017-05-29","31.4930433354088","0.23555329966386143"
"2017-05-28","29.6145134031624","0.21477700835953095"
"2017-05-27","29.8042873009992","0.1897755684137755"
"2017-05-26","29.0264958812944","0.19972816311645897"
"2017-05-25","28.9610937243452","0.21591912327371585"
"2017-05-24","28.8382640670445","0.27874671775732335"
"2017-05-23","28.1418703200435","0.22926089786119694"
"2017-05-22","29.3084589124539","0.15919381504716998"
"2017-05-21","28.4009273934968","0.1584136565566476"
"2017-05-20","27.9406740504362","0.14810309139741507"
"2017-05-19","27.0958559426814","0.13418538105497257"
"2017-05-18","26.201691944586","0.11054429813967684"
"2017-05-17","25.1510100670686","0.1364548940692596"
"2017-05-16","26.3521404465894","0.10403960826626317"
"2017-05-15","25.8896704188775","0.09775552148855081"
"2017-05-14","25.3077394539546","0.09392198486507614"
"2017-05-13","24.5002161262861","0.09315482312143632"
"2017-05-12","24.9719029858253","0.08693535130940709"
"2017-05-11","24.371496233529","0.08236996687402176"
"2017-05-10","23.77482599063","0.08422108208690142"
"2017-05-09","23.9989064251705","0.0814328326370041"
"2017-05-08","23.096777185472","0.07273366127092591"
"2017-05-07","23.3985291944824","0.07599050350221113"
"2017-05-06","22.9532635128021","0.0848136197824836"
"2017-05-05","22.9777058955644","0.07094243145844711"
"2017-05-04","21.9990717096785","0.07679626495266002"
"2017-05-03","22.2026837363691","0.06446238221052729"
"2017-05-02","21.8071153240935","0.07933307442782045"
"2017-05-01","21.8843107712746","0.07371144719935152"